광고그룹,키워드,노출수,클릭수,클릭률(%),"평균클릭비용(VAT포함,원)","총비용(VAT포함,원)"
올인원 패키지 : 디자인 툴_파워컨텐츠_포토샵,-,"2,319,456",9606,0.41,262,"2,512,444"
올인원 패키지 : 업무자동화_VBA,-,"767,491",8058,1.05,296,"2,384,965"
ㅍAOP 전체_중복키워드_디자인(삭제),일러스트,"1,137,840",324,0.03,"4,842","1,568,699"
올인원 패키지 : 데이터 분석 입문 온라인_파콘,-,"694,106",1864,0.27,631,"1,175,174"
3. html,HTML,"9,626,374",814,0.01,"1,408","1,145,903"
6. 파이썬,파이썬,"384,522",260,0.07,"3,705","964,876"
1. 코딩,코딩,"562,162",271,0.05,"3,243","879,560"
2. C언어 일반,C언어,"271,370",154,0.06,"5,269","809,358"
프로그래밍 전체_파워컨텐츠_블록체인(삭제),가상화폐,"91,369",2838,3.11,283,"803,770"
AOP 전체_중복키워드_디자인,포토샵,"1,887,822",394,0.02,"1,914","753,247"
디지털 마케팅 스쿨 13기_대표키워드,마케팅교육,"11,661",140,1.20,"5,002","702,229"
인스타그램 마케팅,인스타팔로워늘리기,"36,201",874,2.41,769,"671,803"
블록체인 신사업 시작하기,블록체인,"200,243",236,0.12,"2,722","643,478"
AOP 전체_중복키워드_비지니스,엑셀,"1,470,452",450,0.03,"1,409","633,897"
올인원 패키지 : 업무자동화_VBA,엑셀배우기,"18,588",2098,11.28,268,"562,870"
올인원 패키지 : 업무자동화_VBA,엑셀자격증,"37,558",1770,4.71,289,"511,181"
올인원 패키지 : 업무자동화_2. 파이썬,파이썬교육,"1,226",56,4.60,"8,831","498,069"
올인원 패키지 : 1인 쇼핑몰 시작하기_00.창업_PC,인터넷쇼핑몰창업,"17,912",152,0.85,"3,200","487,696"
올인원 패키지 : 영상 제작/편집_6.프리미어프로,영상편집,"125,885",90,0.07,"5,367","483,032"
6. 파이썬,파이썬인강,"3,175",197,6.20,"2,431","478,467"
1. 모바일앱개발_교육,어플개발,"8,033",84,1.05,"5,428","455,939"
올인원 패키지 : UX/UI 디자인 입문_연관검색어,UIUX디자인,"9,627",119,1.23,"3,685","437,767"
1. 코딩,코딩인강,"2,503",218,8.73,"1,963","428,670"
1. 모바일앱개발_교육,앱개발,"23,962",103,0.43,"3,983","411,092"
1. 모바일앱개발_교육,어플제작,"6,496",79,1.22,"5,185","410,652"
올인원 패키지 : 데이터 분석 입문(파컨),-,"139,717",618,0.44,636,"393,327"
올인원 패키지 : 디자인 툴_파워컨텐츠_포토샵,포토샵,"124,068",2536,2.04,150,"381,359"
올인원 패키지 : 디자인 툴_파워컨텐츠_포토샵,영상편집,"10,710",278,2.60,"1,353","376,618"
1. 모바일앱개발_교육,앱제작,"4,324",79,1.83,"4,735","375,023"
올인원 패키지 : 업무자동화_VBA,컴퓨터활용능력,"139,729",1535,1.10,239,"367,147"
인스타그램 마케팅,인스타팔로워,"55,806",542,0.97,656,"355,663"
JavaScript BOOT CAMP,자바스크립트,"29,305",59,0.20,"5,744","337,766"
올인원 패키지 : 디자인 툴_파워컨텐츠_포토샵,포토샵배우기,"12,700",1726,13.59,195,"337,117"
1. 일반_PC,게임학원,"6,163",36,0.58,"9,363","337,051"
프로그래밍 전체_파워컨텐츠_블록체인(삭제),이더리움,"39,710",1397,3.52,240,"334,961"
올인원 패키지 : 데이터 분석 입문 온라인_파콘,머신러닝,"22,073",931,4.22,341,"317,779"
ㅍAOP 전체_중복키워드_디자인(삭제),영상제작,"62,542",49,0.08,"6,432","316,448"
디지털 마케팅 스쿨 13기_대표키워드,SNS마케팅교육,"3,378",96,2.84,"3,257","312,664"
AOP 전체_중복키워드_공통,데이터사이언스,"4,336",66,1.52,"4,624","305,195"
올인원 패키지 : 업무자동화_VBA,컴퓨터활용능력2급,"88,751",1283,1.45,234,"300,058"
AOP 전체_중복키워드_프로그래밍,파이썬강좌,"3,489",38,1.10,"7,658","294,085"
003.퍼포먼스 마케팅,구글광고,"6,535",71,1.08,"4,115","291,346"
2. 프로그래밍,프로그래밍인강,"1,568",136,8.65,"2,083","282,480"
올인원 패키지 : 업무자동화_VBA,컴퓨터활용능력1급,"94,757",1192,1.26,237,"282,018"
마케팅 유치원,마케팅교육,"9,161",106,1.15,"2,566","270,963"
올인원 패키지 : 업무자동화_VBA,컴퓨터자격증종류,"21,458",893,4.16,300,"267,597"
1. 모바일앱개발_교육,어플만들기,"6,353",54,0.85,"4,902","264,704"
올인원 패키지 : 업무자동화_1. 자동화,업무자동화,"11,662",49,0.42,"5,278","259,655"
ㅍAOP 전체_중복키워드_디자인(삭제),포토샵,"1,021,846",157,0.02,"1,625","255,475"
올인원 패키지 : 브랜딩,브랜딩,"35,200",98,0.28,"2,506","246,543"
ㅍ올인원 패키지 : 브랜딩,브랜딩,"35,049",107,0.30,"2,219","236,962"
올인원 패키지 : 콘텐츠 마케팅_카피라이팅,상세페이지제작,"15,835",110,0.70,"2,066","228,096"
AOP 전체_중복키워드_데이터사이언스,데이터사이언스,"3,860",50,1.31,"4,344","218,955"
8. 시스템 프로그래밍,리눅스,"281,599",86,0.03,"2,531","218,647"
AOP 전체_중복키워드_디자인,포토샵강좌,"34,653",42,0.12,"5,112","214,720"
1. 코딩,코딩프로그램,"15,300",83,0.54,"2,553","211,387"
ㅍ올인원 패키지 : UX/UI 디자인 입문_연관검색어(삭제),UIUX디자인,"6,216",73,1.18,"2,882","210,991"
올인원 패키지 : 프로그래밍 첫걸음 시작하기,-,"88,800",599,0.67,352,"210,650"
AOP 전체_중복키워드_디자인,프리미어프로,"213,033",132,0.06,"1,574","207,702"
페이스북&인스타그램 마케팅 실전,SNS마케팅교육,"1,215",78,6.42,"2,652","206,877"
올인원 패키지 : 디자인 툴_파워컨텐츠_포토샵,일러스트레이터,"37,912",755,1.99,270,"203,841"
Python & Django를 활용한 웹 서비스_개발자,스프링,"90,942",68,0.08,"2,957","202,290"
5. 자료구조,자료구조,"38,812",47,0.12,"4,317","202,037"
ㅍ올인원 패키지 : 브랜딩,브랜드네이밍,"5,038",88,1.74,"2,304","201,861"
fin_camp_auction_6,경매,"65,170",204,0.31,981,"200,211"
올인원 패키지 : 1인 쇼핑몰_00.창업_MO,인터넷쇼핑몰창업,"1,691",54,3.19,"3,692","199,375"
올인원 패키지 : 1인 쇼핑몰 시작하기_00.창업_PC,온라인쇼핑몰창업,"7,263",79,1.09,"2,495","197,571"
AOP 전체_중복키워드_비지니스,엑셀강의,"11,848",70,0.59,"2,832","197,076"
003.퍼포먼스 마케팅,온라인마케팅교육,"2,681",73,2.73,"2,648","193,864"
올인원 패키지 : 업무자동화_2. 파이썬,파이썬강의,"1,405",40,2.82,"4,755","188,287"
타이포그래피와 편집디자인,폰트,"478,588",474,0.10,396,"187,693"
올인원 패키지 : 디지털 마케팅_1. 디지털 마케팅,온라인마케팅교육,"4,712",54,1.15,"3,460","186,846"
AOP 전체_중복키워드_마케팅,온라인마케팅,"25,645",43,0.17,"4,294","185,493"
1. 모바일앱개발_교육,어플제작비용,"1,786",70,3.90,"2,653","184,646"
fin_camp_auction_6,부동산경매,"5,087",50,0.99,"3,606","181,742"
마케터를 위한 데이터 부트캠프,퍼포먼스마케팅,"5,131",55,1.08,"3,275","180,774"
코딩으로 여행하는 블록체인 서비스,블록체인,"82,524",83,0.10,"2,137","176,946"
2. C언어 일반,C++,"17,190",37,0.22,"4,654","173,129"
1. 일반_PC,게임만드는프로그램,"4,908",40,0.81,"4,322","171,138"
AOP 전체_중복키워드_비지니스,엑셀배우기,"23,329",70,0.30,"2,333","162,349"
AOP 전체_중복키워드_마케팅,마케팅,"152,716",110,0.07,"1,454","160,556"
1. 모바일앱개발_교육,앱만들기,"4,722",53,1.12,"2,951","155,804"
AOP 전체_중복키워드_디자인,스케치,"200,487",133,0.07,"1,166","155,254"
프로그래밍 전체_파워컨텐츠_블록체인(삭제),블록체인,"64,981",2798,4.31,55,"154,748"
AOP 전체_중복키워드_디자인,영상제작,"47,189",29,0.06,"5,337","153,692"
올인원 패키지 : 1인 쇼핑몰 시작하기_02.쇼핑몰구축,쇼핑몰제작,"10,656",38,0.36,"3,892","149,468"
올인원 패키지 : 업무자동화_VBA,컴퓨터자격증,"20,796",476,2.29,310,"147,774"
AOP 전체_중복키워드_디자인,에프터이펙트,"60,248",31,0.05,"4,664","145,530"
1. 모바일앱개발_교육,어플리케이션제작,"1,229",26,2.15,"5,481","144,694"
AOP 전체_중복키워드_디자인,일러스트,"101,109",35,0.03,"4,150","144,430"
상업용 부동산 실무 입문 4기,강남빌딩매매,"11,028",32,0.29,"4,372","141,647"
올인원 패키지 : 디자인 툴_파워컨텐츠_포토샵,웹디자인,"3,889",107,2.75,"1,315","140,448"
올인원 패키지 : 디지털 마케팅_1. 디지털 마케팅,디지털마케팅,"25,573",43,0.17,"3,236","139,788"
AOP 전체_중복키워드_디자인,포토샵강의,"8,190",47,0.57,"2,930","137,137"
포토샵 유치원_일러스트레이터 유치원,포토샵,"691,814",130,0.02,"1,052","136,279"
올인원 패키지 : 디자인 툴_파워컨텐츠_포토샵,포토샵자격증,"18,602",1060,5.70,125,"132,748"
고객의 마음을 읽는 구글애널리틱스,구글애널리틱스자격증,"6,196",90,1.45,"1,471","132,352"
왕초보의 파이썬 웹 프로그래밍 CAMP,PYTHON,"22,657",36,0.16,"3,553","127,908"
페이스북&인스타그램 마케팅 실전,페이스북광고,"2,794",49,1.76,"2,583","127,061"
올인원 패키지 : 콘텐츠 마케팅_영상바이럴,유튜브마케팅,"44,369",61,0.14,"2,056","125,851"
올인원 패키지 : 업무자동화_VBA,엑셀학원,"4,873",452,9.28,278,"125,785"
1. 일반_PC,게임제작,"35,802",25,0.07,"4,850","122,221"
fin_camp_auction_6,부동산투자,"10,660",18,0.17,"6,784","122,111"
올인원 패키지 : 콘텐츠 마케팅_영상바이럴,홍보영상,"110,768",48,0.04,"2,514","120,692"
마케팅KPI수립,마케팅전략,"9,688",32,0.33,"3,594","116,446"
AOP 전체_중복키워드_디자인,인디자인,"108,188",43,0.04,"2,671","115,390"
6. 파이썬,PYTHON,"72,065",30,0.04,"3,784","113,509"
프로그래밍 유치원,홈페이지만들기,"5,620",29,0.51,"3,813","109,813"
올인원 패키지 : 1인 쇼핑몰 시작하기_00.창업_PC,B2B사이트,"3,030",67,2.22,"1,613","108,405"
JavaScript BOOT CAMP,JAVASCRIPT,"6,243",25,0.40,"4,213","106,172"
ㅍAOP 전체_중복키워드_프로그래밍(삭제),파이썬강좌,"2,415",18,0.75,"5,876","105,765"
페이스북&인스타그램 마케팅 실전,인스타그램광고,"3,726",42,1.13,"2,516","105,655"
#000_마케팅 전체_main,마케팅,"207,265",116,0.06,899,"104,676"
올인원 패키지 : 콘텐츠 마케팅_영상바이럴,동영상제작,"5,388",36,0.67,"2,897","104,302"
SEO/SEM 전략,SEO,"6,624",34,0.51,"3,097","104,049"
올인원 패키지 : 투자_파워콘텐츠,재테크,"4,810",300,6.24,343,"102,894"
올인원 패키지 : 1인 쇼핑몰 시작하기_00.창업_PC,쇼핑몰창업,"23,301",32,0.14,"3,140","101,728"
올인원 패키지 : 1인 쇼핑몰 시작하기_00.창업_PC,인터넷쇼핑몰,"37,930",85,0.22,"1,187","101,101"
1. 일반_PC,게임프로그래밍학원,"1,174",13,1.12,"7,638","100,826"
2. 프로그래밍,프로그래밍,"68,689",35,0.05,"2,886","100,419"
상업용 부동산 실무 입문 4기,서울빌딩매매,"1,826",31,1.71,"3,210","100,166"
올인원 패키지 : 업무자동화_VBA,MOS자격증,"42,228",295,0.70,336,"99,110"
ㅍAOP 전체_중복키워드_공통(삭제),데이터사이언스,"3,974",25,0.63,"3,922","98,835"
1. 일반_PC,모바일게임제작,"2,244",20,0.91,"4,831","98,549"
올인원 패키지 : 콘텐츠 마케팅_영상바이럴,영상촬영,"109,005",46,0.04,"2,161","98,527"
AOP 전체_중복키워드_비지니스,엑셀학원,"1,559",26,1.69,"3,718","98,153"
올인원 패키지 : 업무자동화_VBA,컴활1급,"34,497",379,1.10,258,"97,702"
올인원 패키지 : 콘텐츠 마케팅_대표키워드,유튜브크리에이터,"47,874",37,0.08,"2,619","97,416"
올인원 패키지 : 파이썬 웹 개발_2.프론트엔드기초,HTML,"913,844",80,0.01,"1,194","95,964"
올인원 패키지 : 디자인 툴_파워컨텐츠_포토샵,에프터이펙트,"20,104",242,1.21,394,"95,469"
올인원 패키지 : 업무자동화_4. VBA,엑셀VBA,"38,927",71,0.18,"1,323","93,665"
올인원 패키지 : 디자인 툴_파워컨텐츠_포토샵,포토샵학원,"4,188",186,4.44,503,"93,621"
올인원 패키지 : 금융공학/퀀트_01.파이썬기본&자동화,데이터베이스,"152,389",31,0.02,"2,989","93,269"
타이포그래피와 편집디자인,글씨체,"106,648",216,0.20,425,"91,806"
올인원 패키지 : 디자인 툴_파워컨텐츠_포토샵,영상편집학원,"2,779",80,2.89,"1,129","90,805"
TensorFlow로 시작하는 딥러닝 입문,텐서플로우,"11,409",78,0.68,"1,160","90,475"
올인원 패키지 : 1인 쇼핑몰 시작하기_02.쇼핑몰구축,쇼핑몰홈페이지제작,"1,391",22,1.55,"3,992","86,218"
올인원 패키지 : 업무자동화_3. 엑셀,엑셀교육,"2,599",34,1.29,"2,561","86,064"
고객의 마음을 읽는 구글애널리틱스,그로스해킹,"9,487",109,1.15,787,"85,965"
1. 일반_PC,게임개발,"5,246",11,0.21,"7,881","85,118"
002.마케팅 입문,마케팅자격증,"11,558",144,1.25,590,"85,008"
올인원 패키지 : 업무자동화_VBA,컴활1급실기,"34,971",508,1.45,159,"80,718"
올인원 패키지 : 그로스해킹_5.마케팅 분석,광고대행사,"5,237",23,0.44,"3,536","80,630"
1. 데이터분석입문_일반,통계학원,"1,197",47,3.91,"1,706","79,860"
1. 모바일앱개발_교육,모바일앱개발,"1,037",22,2.08,"3,633","78,474"
data_camp_rmp_8,R,"290,811",114,0.04,682,"77,715"
1. 모바일앱개발_교육,안드로이드앱만들기,"2,915",24,0.82,"3,232","77,561"
올인원 패키지 : 업무자동화_2. 파이썬,파이썬기초,"4,997",13,0.26,"5,872","77,506"
올인원 패키지 : 투자_파워콘텐츠,주식,"35,889",298,0.83,257,"76,494"
1. 모바일앱개발_교육,하이브리드앱,"2,161",23,1.06,"3,346","76,296"
ㅍAOP 전체_중복키워드_마케팅(삭제),온라인마케팅,"14,312",23,0.16,"3,328","75,889"
ㅍAOP 전체_중복키워드_디자인(삭제),인디자인,"57,942",30,0.05,"2,519","75,559"
SEO/SEM 전략,검색엔진최적화,"1,232",22,1.75,"3,474","75,031"
올인원 패키지 : 업무자동화_3. 엑셀,엑셀실무,"6,797",42,0.62,"1,771","74,393"
올인원 패키지 : 업무자동화_VBA,컴활2급실기,"38,850",391,1.01,190,"74,305"
올인원 패키지 : 게임 개발,-,"43,858",234,0.53,313,"73,150"
올인원 패키지 : 업무자동화_VBA,컴활,"61,195",346,0.56,211,"72,787"
올인원 패키지 : 1인 쇼핑몰 시작하기_02.쇼핑몰구축,인터넷쇼핑몰제작,"8,407",17,0.20,"4,311","72,424"
상업용 부동산 실무 입문 4기,상가빌딩매매,"10,778",18,0.17,"4,009","72,160"
ㅍAOP 전체_중복키워드_마케팅(삭제),퍼포먼스마케팅,"4,422",24,0.54,"2,969","71,258"
올인원 패키지 : 1인 쇼핑몰_00.창업_MO,쇼핑몰,"31,759",56,0.18,"1,251","70,565"
올인원 패키지 : UX/UI 디자인 입문_연관검색어,UX디자인,"5,703",18,0.32,"3,873","69,707"
올인원 패키지 : 업무자동화_VBA,컴활2급,"31,563",311,0.98,217,"67,419"
1. 일반_PC,유니티강좌,"4,291",13,0.31,"4,983","65,780"
AOP 전체_중복키워드_디자인,프리미어,"198,096",40,0.02,"1,618","64,053"
타이포그래피와 편집디자인,한글폰트,"82,983",206,0.25,308,"63,492"
올인원 패키지 : 업무자동화_4. VBA,VBA,"81,485",77,0.09,809,"62,095"
1. 코딩,코딩이란,"31,868",34,0.11,"1,808","60,764"
페이스북&인스타그램 마케팅 실전,SNS마케팅,"2,281",25,1.10,"2,406","60,621"
ㅍAOP 전체_중복키워드_디자인(삭제),마블,"907,619",228,0.03,265,"60,533"
마케터를 위한 데이터 해석 실전,GA자격증,"3,608",64,1.76,929,"59,081"
올인원 패키지 : 콘텐츠 마케팅_대표키워드,콘텐츠제작,"3,572",24,0.67,"2,416","57,981"
AOP 전체_중복키워드_마케팅,구글애널리틱스,"16,760",38,0.23,"1,508","57,893"
마케팅 전체,바이럴마케팅,"3,095,998",262,0.01,220,"57,563"
올인원 패키지 : UX/UI 디자인 입문_연관검색어,UI디자인,"7,087",13,0.19,"4,349","57,409"
올인원 패키지 : 콘텐츠 마케팅_대표키워드,1인미디어,"37,024",31,0.08,"1,828","57,035"
1. 경영 일반,경영,"253,775",80,0.03,707,"56,881"
ㅍAOP 전체_중복키워드_디자인(삭제),포토샵자격증,"10,064",14,0.14,"3,939","56,716"
Vue로 구현하는 PWA CAMP,하이브리드앱,"1,356",11,0.80,"5,209","56,254"
AOP 전체_중복키워드_디자인,포토샵자격증,"15,316",14,0.09,"3,902","56,188"
올인원 패키지 : 브랜딩,브랜드네이밍,"5,675",24,0.42,"2,326","55,825"
올인원 패키지 : 디자인 툴_파워컨텐츠_포토샵,영상편집자격증,"7,544",173,2.29,322,"55,660"
1. 전체,리플렛디자인,"8,128",22,0.27,"2,528","54,604"
올인원 패키지 : 디자인 툴_파워컨텐츠_포토샵,인디자인,"20,147",488,2.42,111,"54,450"
001.데이터분석/ 통계,데이터사이언티스트,"2,427",50,2.08,"1,054","53,097"
1. 일반_PC,유니티3D,"5,763",12,0.21,"4,418","53,020"
5. javascript,자바스크립트,"55,573",17,0.03,"3,148","52,888"
AOP 전체_중복키워드_디자인,일러스트레이터강좌,"2,757",19,0.70,"2,755","52,888"
001.데이터분석/ 통계,데이터분석준전문가,"11,326",49,0.43,"1,060","52,151"
올인원 패키지 : 영상 제작/편집_6.프리미어프로,유튜브편집,"77,062",29,0.04,"1,808","52,063"
올인원 패키지 : 디자인 툴_파워컨텐츠_포토샵,모션그래픽,"2,452",36,1.47,"1,445","52,008"
ㅍ1. 전체,리플렛디자인,"3,322",20,0.61,"2,471","50,402"
올인원 패키지 : 디자인 툴_파워컨텐츠_포토샵,포토샵강좌,"2,961",302,10.21,167,"50,369"
Python & Django를 활용한 웹 서비스_개발자,SPRING,"24,925",18,0.07,"2,756","49,610"
1. 전체,어도비일러스트레이터,"31,324",24,0.08,"2,042","49,005"
올인원 패키지 : 콘텐츠 마케팅_대표키워드,SNS광고,"7,888",17,0.21,"2,906","48,829"
올인원 패키지 : 1인 쇼핑몰 시작하기_05.상품촬영,쇼핑몰촬영,"82,039",24,0.03,"2,020","48,477"
1. 컴퓨터공학 일반,컴공,"231,145",91,0.04,531,"48,444"
AOP 전체_중복키워드_마케팅,브랜드마케팅,"6,540",10,0.15,"5,022","48,213"
상업용 부동산 실무 입문 4기,창고매매,"642,191",78,0.01,617,"48,114"
AOP 전체_중복키워드_데이터사이언스,데이터분석,"7,098",6,0.08,"7,948","47,685"
ㅍAOP 전체_중복키워드_디자인(삭제),프리미어프로,"127,788",40,0.03,"1,202","47,597"
올인원 패키지 : 투자_파워콘텐츠,펀드,"4,855",179,3.68,263,"46,937"
Python & Django를 활용한 웹 서비스_개발자,PHP,"11,304",13,0.12,"3,490","46,068"
AOP 전체_중복키워드_디자인,UXUI,"8,957",28,0.31,"1,645","45,408"
올인원 패키지 : 파이썬 웹 개발_3.FLASK기초,SQL,"7,980",12,0.15,"3,781","45,375"
ㅍ올인원 패키지 : UX/UI 디자인 입문_연관검색어(삭제),UI디자인,"2,812",13,0.47,"3,430","45,276"
왕초보의 파이썬 웹 프로그래밍 CAMP,웹크롤링,"1,929",13,0.68,"3,417","45,100"
올인원 패키지 : 디지털 마케팅_2. 페이스북 광고,페이스북광고,"6,750",16,0.23,"2,821","44,011"
ㅍAOP 전체_중복키워드_디자인(삭제),포토샵강의,"3,292",16,0.47,"2,794","43,593"
올인원 패키지 : 투자_파워콘텐츠,투자,"3,567",136,3.80,314,"42,537"
2. C언어 일반,C언어프로그램,"8,779",12,0.14,"3,472","41,668"
올인원 패키지 : 데이터 분석 입문 온라인_파콘,빅데이터자격증,"5,459",104,1.91,396,"41,327"
1. 코딩,코딩사이트,"3,404",32,0.95,"1,273","41,239"
올인원 패키지 : 금융공학/퀀트_01.파이썬기본&자동화,파이썬프로그래밍,"7,171",8,0.12,"4,847","40,711"
인스타그램 마케팅,인스타그램팔로워늘리기,"9,462",46,0.48,889,"40,557"
1. 컴퓨터공학 일반,컴퓨터공학,"26,252",18,0.07,"2,243","40,381"
상업용 부동산 실무 입문 4기,건물매입,"4,674",20,0.44,"1,962","40,029"
AOP 전체_중복키워드_디자인,일러스트레이터,"115,582",13,0.01,"2,993","39,512"
마케터를 위한 데이터 해석 실전,퍼포먼스마케팅,"2,419",25,1.04,"1,556","39,204"
올인원 패키지 : 영상 제작/편집_2.영상제작이론,영상제작,"19,186",12,0.06,"3,263","39,160"
8. 시스템 프로그래밍,LINUX,"50,143",20,0.04,"1,894","38,643"
대기업을 이기는 브랜딩 전략,브랜딩디자인,"1,378",24,1.74,"1,598","38,357"
2. C언어 일반,C언어기초,"3,850",7,0.19,"5,280","38,016"
ㅍAOP 전체_중복키워드_디자인(삭제),포토샵강좌,"10,559",10,0.09,"3,957","37,983"
올인원 패키지 : 영상 제작/편집_9.유튜브/유튜버,유튜브영상제작,"2,476",10,0.39,"3,913","37,565"
1. 일반_PC,모바일게임개발,"1,554",7,0.46,"5,216","37,554"
올인원 패키지 : 금융공학/퀀_03.금융공학,딥러닝,"41,707",11,0.03,"3,460","37,367"
올인원 패키지 : 리더를 위한 HR/인재경영_1.인재,인사관리,"21,353",7,0.03,"5,133","36,960"
포토샵 유치원_일러스트레이터 유치원,로고디자인,"19,614",34,0.17,"1,100","36,960"
ㅍAOP 전체_중복키워드_디자인(삭제),일러스트레이터,"96,839",16,0.02,"2,360","36,817"
올인원 패키지 : 1인 쇼핑몰_00.창업_MO,쇼핑몰창업,"2,267",10,0.42,"3,825","36,718"
ㅍAOP 전체_중복키워드_디자인(삭제),프리미어,"157,060",25,0.02,"1,456","36,685"
대기업을 이기는 브랜딩 전략,브랜딩,"3,971",22,0.54,"1,689","36,476"
내 아이템에 맞는 영상 콘텐츠 기획/제작,유튜브동영상,"40,372",34,0.08,"1,085","36,465"
올인원 패키지 : 업무자동화_VBA,컴퓨터학원,"5,352",67,1.26,541,"36,322"
1. 일반_PC,게임만들기,"8,308",10,0.12,"3,723","35,739"
ㅍ올인원 패키지 : 브랜딩,브랜드디자인,"3,896",12,0.31,"2,932","35,189"
ㅍ올인원 패키지 : UX/UI 디자인 입문_연관검색어(삭제),UIUX,"4,332",18,0.42,"1,929","34,727"
ㅍAOP 전체_중복키워드_데이터사이언스(삭제),데이터분석,"2,526",5,0.19,"7,189","34,507"
올인원 패키지 : 콘텐츠 마케팅_카피라이팅,카피라이팅,"18,352",34,0.18,"1,001","33,627"
올인원 패키지 : 디자인 툴_파워컨텐츠_포토샵,영상제작,"3,557",34,0.94,998,"33,528"
올인원 패키지 : 그로스해킹_1.용어,랜딩페이지,"3,805",22,0.57,"1,549","33,462"
프로그래밍 유치원,프로그래밍독학,"1,468",10,0.65,"3,455","33,165"
올인원 패키지 : 콘텐츠 마케팅_대표키워드,유튜브제작,"4,829",13,0.27,"2,513","33,165"
AOP 전체_중복키워드_마케팅,퍼포먼스마케팅,"4,673",11,0.23,"3,068","33,132"
003.퍼포먼스 마케팅,빅데이터마케팅,"1,237",20,1.65,"1,616","32,967"
올인원 패키지 : 콘텐츠 마케팅_대표키워드,인스타그램광고,"16,734",12,0.07,"2,732","32,780"
AOP 전체_중복키워드_마케팅,GA,"14,655",6,0.04,"5,432","32,593"
올인원 패키지 : 업무자동화_VBA,MOS,"21,298",91,0.43,357,"32,516"
AOP 전체_중복키워드_디자인,어도비포토샵,"43,215",14,0.03,"2,218","31,933"
1_벤처캐피탈에 대한 이해(벤처캐피탈),투자금,"51,003",62,0.12,510,"31,834"
1. 일반_MO,게임제작,"2,025",5,0.24,"6,605","31,702"
올인원 패키지 : 영상 제작/편집_9.유튜브/유튜버,유튜브제작,"4,062",11,0.27,"2,917","31,504"
002.R,RSTUDIO,"9,923",47,0.47,669,"31,328"
올인원 패키지 : 1인 쇼핑몰 시작하기_05.상품촬영,쇼핑몰사진촬영,"1,874",11,0.58,"2,888","31,185"
PYTHON & DJANGO를 활용한  웹 서비스 개발,DJANGO,"3,382",36,1.06,864,"31,086"
올인원 패키지 : 디지털 마케팅_3. 구글 광고,GDN,"10,953",12,0.11,"2,583","30,998"
올인원 패키지 : 데이터 분석 입문 온라인_파콘,빅데이터,"11,916",48,0.40,646,"30,987"
AOP 전체_중복키워드_마케팅,카드뉴스제작,"1,270",12,0.94,"2,569","30,822"
ㅍAOP 전체_중복키워드_디자인(삭제),에프터이펙트,"33,511",8,0.03,"3,571","29,997"
올인원 패키지 : 1인 쇼핑몰 시작하기_06.해외쇼핑몰,해외쇼핑몰,"4,312",22,0.50,"1,377","29,744"
LaTeX를 활용한 효율적 논문작성 Workshop,논문,"134,219",38,0.03,769,"29,546"
1. 일반_PC,게임UI,"7,124",6,0.08,"4,880","29,282"
인디자인 유치원,나만의책만들기,"1,398",46,3.26,642,"29,282"
AOP 전체_중복키워드_마케팅,로그분석,"9,793",7,0.07,"4,052","29,172"
AOP 전체_중복키워드_디자인,인디자인강좌,"1,633",11,0.66,"2,692","29,073"
올인원 패키지 : 업무자동화_3. 엑셀,엑셀함수,"237,356",34,0.01,865,"29,051"
마케팅 전체,광고,"742,643",112,0.02,258,"28,743"
001.데이터분석/ 통계,데이터사이언스,"1,673",23,1.36,"1,258","28,677"
올인원 패키지 : 1인 쇼핑몰 시작하기_02.쇼핑몰구축,쇼핑몰사이트제작,"58,612",11,0.02,"2,644","28,556"
ㅍAOP 전체_중복키워드_비지니스(삭제),엑셀,"387,261",68,0.02,416,"28,468"
올인원 패키지 : 그로스해킹_5.마케팅 분석,영업관리,"59,724",8,0.01,"3,379","28,380"
딥러닝으로 배우는 병렬처리 CAMP,TENSORFLOW,"4,110",10,0.23,"2,941","28,237"
프로그래밍 유치원,삼성아카데미,"10,032",14,0.14,"1,954","28,138"
#000_마케팅 전체_main,페이스북좋아요늘리기,"5,583",40,0.71,703,"27,852"
ㅍAOP 전체_중복키워드_디자인(삭제),스케치,"100,107",35,0.03,793,"27,610"
올인원 패키지 : 디자인 툴_파워컨텐츠_포토샵,일러스트레이터강좌,"1,864",148,7.92,185,"27,379"
ㅍAOP 전체_중복키워드_비지니스(삭제),엑셀배우기,"9,721",16,0.16,"1,749","27,291"
올인원 패키지 : 콘텐츠 마케팅_대표키워드,온라인마케팅회사,"2,389",19,0.80,"1,393","26,741"
고객의 마음을 읽는 구글애널리틱스,애널리틱스,"24,043",18,0.07,"1,462","26,312"
올인원 패키지 : 투자_파워콘텐츠,재태크,"3,446",126,3.66,209,"26,290"
올인원 패키지 : 영상 제작/편집_3.촬영 기법/장비1,영상장비,"10,299",17,0.16,"1,561","26,224"
AOP 전체_중복키워드_디자인,프리미어강좌,"1,197",11,0.90,"2,405","25,971"
상업용 부동산 실무 입문 4기,서울건물매매,"5,026",13,0.26,"1,938","25,586"
1. 일반_PC,UNITY,"82,310",7,0.01,"3,552","25,575"
올인원 패키지 : 업무자동화_VBA,모스자격증,"16,863",198,1.17,129,"25,564"
올인원 패키지 : UX/UI 디자인 입문_연관검색어,UIUX,"5,569",13,0.24,"1,902","25,102"
올인원 패키지 : FAST MBA_파워컨텐츠_아마존,-,"19,055",78,0.41,322,"25,080"
마케팅 유치원,마케팅강의,"2,865",29,1.01,869,"25,025"
올인원 패키지 : 1인 쇼핑몰 시작하기_02.쇼핑몰구축,쇼핑몰통합관리,"1,288",6,0.47,"4,094","24,563"
올인원 패키지 : 투자_파워콘텐츠,펀드하는법,"3,026",248,8.21,99,"24,552"
7. 운영체제,운영체제,"155,516",28,0.02,887,"24,486"
실전 웹/앱 프로젝트 기획,상세페이지제작,"1,942",30,1.54,813,"24,376"
올인원 패키지 : 콘텐츠 마케팅_대표키워드,카드뉴스템플릿,"15,796",46,0.29,529,"24,112"
AOP 전체_중복키워드_마케팅,카드뉴스만들기,"12,239",23,0.19,"1,051","23,969"
ㅍ올인원 패키지 : UX/UI 디자인 입문_연관검색어(삭제),UI,"91,405",22,0.02,"1,106","23,892"
ㅍAOP 전체_중복키워드_마케팅(삭제),마케팅전략,"8,965",7,0.08,"3,282","23,628"
2_투자유치를 위한 사업계획서 작성(투자유치),사업계획서,"61,370",14,0.02,"1,626","23,408"
올인원 패키지 : 영상 제작/편집_10.패캠강의,동영상강의,"13,993",12,0.09,"1,942","23,309"
올인원 패키지 : 1인 쇼핑몰_00.창업_MO,남자쇼핑몰,"12,463",34,0.27,691,"23,221"
올인원 패키지 : 금융공학/퀀트_01.파이썬기본&자동화,데이터분석,"1,300",5,0.37,"4,813","23,100"
올인원 패키지 : 콘텐츠 마케팅_영상바이럴,SNS영상,"3,479",13,0.38,"1,712","22,594"
왕초보의 파이썬 웹 프로그래밍 CAMP,파이썬자격증,"1,121",6,0.54,"3,746","22,473"
ㅍAOP 전체_중복키워드_마케팅(삭제),구글애널리틱스,"9,681",17,0.17,"1,330","22,352"
올인원 패키지 : 데이터 분석 입문 온라인_파콘,빅데이터전문가,"5,440",40,0.73,552,"21,868"
올인원 패키지 : 1인 쇼핑몰 시작하기_01.플랫폼,오픈마켓창업,"1,180",10,0.81,"2,241","21,516"
#000_마케팅 전체_main,SNS마케팅,"222,896",25,0.01,850,"21,417"
AOP 전체_중복키워드_비지니스,엑셀강좌,"9,511",10,0.10,"2,215","21,263"
다빈치리졸브와 컬러그레이딩,다빈치리졸브,"19,139",50,0.26,418,"21,076"
올인원 패키지 : 업무자동화_3. 엑셀,엑셀프로그램,"52,098",23,0.04,921,"20,999"
파이썬을 통한 금융 데이터 수집과 분석 자동화 16기,투자분석,"2,595",5,0.18,"4,329","20,779"
실전 웹 UX/UI 디자인,반응형홈페이지,"1,268",23,1.80,911,"20,779"
올인원 패키지 : 1인 쇼핑몰 시작하기_06.해외쇼핑몰,구매대행쇼핑몰,"2,223",22,0.97,960,"20,746"
올인원 패키지 : 금융공학/퀀_03.금융공학,금융상품,"21,441",12,0.06,"1,726","20,713"
고객의 마음을 읽는 구글애널리틱스,GAIQ,"4,652",42,0.90,491,"20,636"
PYTHON & DJANGO를 활용한  웹 서비스 개발,장고,"28,291",25,0.09,815,"20,537"
1. 전체,책디자인,"1,513",13,0.87,"1,552","20,482"
1. 코딩,코딩배우기,"3,638",8,0.23,"2,434","20,449"
인디자인 유치원,독립출판사,"1,926",41,2.12,501,"20,427"
올인원 패키지 : 콘텐츠 마케팅_대표키워드,MCN회사,"18,762",54,0.29,373,"20,152"
올인원 패키지 : 영상 제작/편집_7.에프터이펙트,유튜브스튜디오,"3,250",35,1.07,578,"20,119"
올인원 패키지 : 콘텐츠 마케팅_대표키워드,비디오커머스,"5,502",18,0.33,"1,114","20,053"
파이썬 텍스트 마이닝,소프트웨어,"188,124",18,0.01,"1,114","20,053"
올인원 패키지 : 콘텐츠 마케팅_대표키워드,1인크리에이터,"8,453",18,0.21,"1,111","19,998"
실전 웹 UX/UI 디자인,UXUI디자인,"1,594",25,1.58,794,"19,998"
#000_마케팅 전체_main,페이스북마케팅,"3,975",12,0.30,"1,659","19,910"
AOP 전체_중복키워드_마케팅,CRM,"12,531",5,0.04,"4,081","19,591"
1. 코딩,코딩기초,"1,318",7,0.55,"2,706","19,481"
올인원 패키지 : 투자_파워콘텐츠,채권투자,"3,417",136,3.97,143,"19,393"
올인원 패키지 : 콘텐츠 마케팅_대표키워드,온라인홍보,"10,179",8,0.08,"2,306","19,371"
data_camp_pcda_3,점프투파이썬,"10,307",25,0.24,764,"19,250"
ㅍAOP 전체_중복키워드_디자인(삭제),UXUI,"3,627",12,0.33,"1,603","19,239"
인디자인 유치원,책만들기,"5,492",28,0.50,696,"19,206"
5_초기 스타트업 실제 투자사례(창업자),투자유치,"9,312",7,0.08,"2,635","18,975"
올인원 패키지 : 콘텐츠 마케팅_대표키워드,미디어커머스,"7,752",13,0.17,"1,420","18,744"
1. 모바일앱개발_세부,어플만드는법,"1,009",8,0.83,"2,224","18,678"
고객의 마음을 읽는 구글애널리틱스,GOOGLEANALYTICS,"4,021",23,0.57,815,"18,579"
#000_마케팅 전체_main,SNS마케팅교육,"1,351",22,1.60,850,"18,370"
Python & Django를 활용한 웹 서비스_일반,AJAX,"42,159",20,0.05,881,"17,974"
올인원 패키지 : 업무자동화_3. 엑셀,EXCEL,"66,397",14,0.02,"1,246","17,941"
ㅍAOP 전체_중복키워드_비지니스(삭제),엑셀강의,"4,313",12,0.28,"1,480","17,754"
001.데이터분석/ 통계,DATASCIENCE,"1,411",34,2.38,525,"17,655"
#000_마케팅 전체_main,온라인마케팅,"8,336",20,0.24,863,"17,600"
8. 시스템 프로그래밍,유닉스,"230,365",38,0.02,457,"17,534"
블록체인 신사업 시작하기,BLOCKCHAIN,"2,807",13,0.47,"1,321","17,435"
디지털 마케팅 스쿨 13기_대표키워드,마케팅취업,"1,599",14,0.90,"1,209","17,413"
파이썬을 통한 금융 데이터 수집과 분석 자동화 16기,웹크롤링,"4,487",24,0.53,720,"17,281"
타이포그래피와 편집디자인,서체,"17,775",47,0.26,364,"17,028"
2. 프로그래밍,프로그래밍언어,"38,001",8,0.02,"2,011","16,896"
올인원 패키지 : 1인 쇼핑몰 시작하기_00.창업_PC,쇼핑몰구축,"1,823",4,0.20,"4,657","16,764"
올인원 패키지 : 콘텐츠 마케팅_영상바이럴,유튜브영상제작,"1,761",7,0.41,"2,327","16,753"
8. 시스템 프로그래밍,우분투,"104,470",30,0.03,558,"16,753"
인스타그램 마케팅,인스타마케팅,"1,512",13,0.87,"1,266","16,709"
올인원 패키지 : 콘텐츠 마케팅_대표키워드,네이티브광고,"2,154",7,0.33,"2,316","16,676"
ㅍAOP 전체_중복키워드_마케팅(삭제),구글광고,"19,506",11,0.06,"1,540","16,632"
AOP 전체_중복키워드_마케팅,바이럴영상,"4,104",4,0.09,"4,589","16,522"
LaTeX를 활용한 효율적 논문작성 Workshop,LATEX,"7,024",25,0.36,654,"16,489"
올인원 패키지 : 콘텐츠 마케팅_영상바이럴,영상콘텐츠,"2,855",13,0.46,"1,245","16,434"
올인원 패키지 : 그로스해킹_1.용어,대시보드,"38,600",11,0.03,"1,520","16,412"
005.머신러닝,캐글,"3,228",19,0.59,842,"16,170"
ㅍAOP 전체_중복키워드_마케팅(삭제),CRM,"3,541",5,0.14,"3,332","15,994"
AOP 전체_중복키워드_디자인,그래픽디자이너,"9,345",2,0.03,"6,614","15,873"
#000_마케팅 전체_main,페이스북광고,"6,994",10,0.14,"1,653","15,873"
올인원 패키지 : 영상 제작/편집_5.일러스트,유튜브썸네일,"9,003",19,0.21,826,"15,862"
data_camp_pcda_3,파이썬데이터분석,"1,119",26,2.36,597,"15,763"
1. 전체,영상편집교육,"3,923",7,0.18,"2,160","15,554"
ㅍAOP 전체_중복키워드_마케팅(삭제),마케팅,"32,960",14,0.04,"1,077","15,510"
올인원 패키지 : 디자인 툴_파워컨텐츠_포토샵,영상학원,"1,212",31,2.57,494,"15,411"
타이포그래피와 편집디자인,손글씨폰트,"14,905",40,0.27,388,"15,356"
ㅍAOP 전체_중복키워드_마케팅(삭제),브랜드마케팅,"3,488",5,0.14,"3,158","15,158"
올인원 패키지 : 프로그래밍 첫걸음 시작하기,컴퓨터자격증,"2,633",64,2.42,237,"15,092"
왕초보의 파이썬 웹 프로그래밍 CAMP,웹서버,"1,633",4,0.22,"4,183","15,059"
ㅍAOP 전체_중복키워드_마케팅(삭제),그로스해킹,"3,375",18,0.53,826,"14,861"
파이썬을 통한 금융 데이터 수집과 분석 자동화 16기,데이터수집,"1,352",6,0.44,"2,446","14,674"
001.데이터분석/ 통계,엑셀데이터분석,"2,738",14,0.53,"1,017","14,641"
파이썬을 통한 금융 데이터 수집과 분석 자동화 16기,EDA,"2,836",6,0.21,"2,413","14,476"
내 아이템에 맞는 영상 콘텐츠 기획/제작,동영상편집,"3,529",8,0.24,"1,723","14,476"
구글 광고,검색광고,"3,540",8,0.24,"1,721","14,454"
고객의 마음을 읽는 구글애널리틱스,마케팅분석,"1,288",6,0.47,"2,398","14,388"
올인원 패키지 : 영상 제작/편집_1.크리에이터,유튜브채널,"224,102",65,0.03,220,"14,278"
올인원 패키지 : 업무자동화_VBA,컴활인강,"8,373",78,0.93,183,"14,267"
ㅍ올인원 패키지 : UX/UI 디자인 입문_연관검색어(삭제),UX디자인,"2,164",5,0.22,"2,943","14,124"
올인원 패키지 : 콘텐츠 마케팅_대표키워드,인스타그램홍보,"19,627",10,0.05,"1,466","14,069"
인스타그램 마케팅,인스타그램좋아요늘리기,"3,506",23,0.65,614,"13,992"
AOP 전체_중복키워드_마케팅,마케팅전략,"20,582",5,0.02,"2,910","13,970"
ㅍAOP 전체_중복키워드_마케팅(삭제),카드뉴스제작,"1,320",8,0.64,"1,626","13,662"
올인원 패키지 : 데이터 분석 입문 온라인_파콘,빅데이터분석,"2,000",66,3.30,207,"13,640"
올인원 패키지 : 영상 제작/편집_3.촬영 기법/장비1,영상촬영장비,"50,250",19,0.04,705,"13,530"
ㅍ올인원 패키지 : 브랜딩,브랜딩디자인,"1,134",13,1.16,"1,018","13,431"
올인원 패키지 : 데이터 분석 입문 온라인_파콘,빅데이터분석가,"1,695",26,1.56,507,"13,376"
ㅍAOP 전체_중복키워드_비지니스(삭제),엑셀VBA,"6,749",13,0.20,"1,008","13,299"
올인원 패키지 : 콘텐츠 마케팅_영상바이럴,동영상광고,"23,698",7,0.03,"1,844","13,277"
딥러닝으로 배우는 병렬처리 CAMP_구버전,DEEPLEARNING,"1,411",7,0.51,"1,829","13,167"
ㅍAOP 전체_중복키워드_마케팅(삭제),카드뉴스만들기,"5,230",12,0.23,"1,095","13,145"
올인원 패키지 : 디지털 마케팅_3. 구글 광고,구글광고,"23,106",7,0.03,"1,824","13,134"
올인원 패키지 : 콘텐츠 마케팅_카피라이팅,콘텐츠기획,"8,195",7,0.09,"1,821","13,112"
내 아이템에 맞는 영상 콘텐츠 기획/제작,유튜브광고,"13,313",10,0.07,"1,353","12,991"
건강한 조직을 만드는 HR 전략 WORKSHOP,노무관리,"3,519",2,0.07,"5,358","12,859"
올인원 패키지 : 업무자동화_VBA,컴활1급인강,"4,883",60,1.23,213,"12,771"
타이포그래피와 편집디자인,판화,"27,843",32,0.12,390,"12,628"
올인원 패키지 : UX/UI 디자인 입문_연관검색어,UI,"69,373",12,0.02,"1,044","12,529"
올인원 패키지 : 디지털 마케팅_1. 디지털 마케팅,SNS마케팅,"90,988",10,0.01,"1,303","12,507"
ㅍ1. 전체,어도비일러스트레이터,"12,313",8,0.07,"1,488","12,496"
올인원 패키지 : 영상 제작/편집_3.촬영 기법/장비1,유튜브조명,"8,575",18,0.21,688,"12,375"
001.데이터분석/ 통계,데이터분석자격증,"1,737",11,0.62,"1,138","12,287"
포토샵 유치원_일러스트레이터 유치원,디자이너,"80,233",14,0.02,853,"12,276"
왕초보의 파이썬 웹 프로그래밍 CAMP,장고,"25,265",19,0.08,639,"12,276"
6.  컴퓨터구조,컴퓨터구조,"15,092",26,0.17,465,"12,265"
TensorFlow로 시작하는 딥러닝 입문,TENSORFLOW,"6,871",13,0.19,919,"12,133"
올인원 패키지 : 1인 쇼핑몰 시작하기_06.해외쇼핑몰,구매대행업체,"2,404",12,0.50,"1,005","12,056"
올인원 패키지 : 디자인 툴_파워컨텐츠_포토샵,포토샵기초,"2,483",80,3.24,148,"11,924"
딥러닝으로 배우는 병렬처리 CAMP_구버전,딥러닝,"8,255",5,0.06,"2,464","11,825"
인스타그램 마케팅,인플루언서마케팅,"1,243",10,0.77,"1,225","11,759"
5. javascript,JAVASCRIPT,"11,570",6,0.05,"1,954","11,726"
003.파이썬,크롤링,"6,270",10,0.15,"1,219","11,704"
ㅍAOP 전체_중복키워드_디자인(삭제),포토샵교육,"2,207",4,0.16,"3,245","11,682"
AOP 전체_중복키워드_디자인,GTQ포토샵2급,"4,219",10,0.23,"1,200","11,517"
ㅍAOP 전체_중복키워드_디자인(삭제),어도비포토샵,"24,212",7,0.03,"1,595","11,484"
fin_camp_modeling_15,자금조달,"10,689",4,0.03,"3,178","11,440"
올인원 패키지 : 업무자동화_VBA,컴활학원,"5,027",42,0.84,269,"11,308"
왕초보의 파이썬 웹 프로그래밍 CAMP,점프투파이썬,"1,446",16,1.08,722,"11,264"
1. 모바일앱개발_교육,안드로이드앱개발,"2,208",2,0.11,"4,680","11,231"
AOP 전체_중복키워드_마케팅,콘텐츠마케팅,"3,262",6,0.18,"1,855","11,132"
올인원 패키지 : 투자_파워콘텐츠,-,"11,073",37,0.34,298,"11,077"
올인원 패키지 : 1인 쇼핑몰 시작하기_02.쇼핑몰구축,쇼핑몰상세페이지,"1,647",6,0.36,"1,839","11,033"
올인원 패키지 : 업무자동화_VBA,컴퓨터활용능력1급인강,"3,826",48,1.25,229,"10,978"
올인원 패키지 : 1인 쇼핑몰 시작하기_02.쇼핑몰구축,쇼핑몰상세페이지제작,"1,023",8,0.82,"1,295","10,879"
Apache Spark,스파크,"62,161",12,0.02,906,"10,868"
올인원 패키지 : 브랜딩,브랜드디자인,"9,266",4,0.04,"3,010","10,835"
#000_마케팅 전체_main,온라인광고대행,"2,047",12,0.59,902,"10,824"
ㅍAOP 전체_중복키워드_마케팅(삭제),로그분석,"5,397",4,0.07,"2,998","10,791"
AOP 전체_중복키워드_마케팅,그로스해킹,"1,362",10,0.70,"1,118","10,736"
올인원 패키지 : 금융공학/퀀_03.금융공학,데이터시각화,"2,660",2,0.09,"4,460","10,703"
1. 전체,북디자인,"4,591",5,0.10,"2,230","10,703"
올인원 패키지 : 1인 쇼핑몰 시작하기_00.창업_PC,남자인터넷쇼핑몰,"1,478",20,1.38,524,"10,692"
올인원 패키지 : 투자_파워콘텐츠,주식투자하는법,"3,049",120,3.94,89,"10,648"
올인원 패키지 : 금융공학/퀀_02.R활용금융데이터분석,R프로그램,"5,367",6,0.11,"1,756","10,538"
#000_마케팅 전체_main,온라인광고,"3,312",12,0.36,875,"10,505"
올인원 패키지 : 영상 제작/편집_2.영상제작이론,영상소스,"3,801",13,0.35,788,"10,406"
프로그래밍 유치원,프로그래밍언어,"20,511",2,0.01,"4,308","10,340"
#000_마케팅 전체_main,SNS홍보,"63,339",13,0.02,782,"10,318"
#000_마케팅 전체_main,SNS교육,"1,007",13,1.31,777,"10,252"
#000_마케팅 전체_main,제휴마케팅,"3,608",13,0.37,774,"10,219"
올인원 패키지 : 금융공학/퀀_03.금융공학,차익거래,"13,921",29,0.21,352,"10,142"
1. 모바일앱개발_교육,안드로이드어플만들기,"1,003",4,0.36,"2,790","10,043"
마케터를 위한 데이터 해석 실전,CPC,"8,149",6,0.07,"1,672","10,032"
2. C언어 일반,C언어책,"6,685",18,0.27,557,"10,021"
올인원 패키지 : 1인 쇼핑몰 시작하기_00.창업_PC,온라인쇼핑몰오픈,"1,279",14,1.13,694,"9,988"
올인원 패키지 : 콘텐츠 마케팅_대표키워드,마케팅공부,"1,813",10,0.53,"1,035","9,933"
올인원 패키지 : 영상 제작/편집_9.유튜브/유튜버,유튜브시작,"64,727",38,0.06,254,"9,746"
실전 웹/앱 프로젝트 기획,앱기획,"1,314",13,1.00,737,"9,724"
1. 전체,일러스트레이션,"7,130",2,0.03,"4,038","9,691"
LaTeX를 활용한 효율적 논문작성 Workshop,TEX,"5,738",19,0.33,505,"9,691"
모바일 앱 UX/UI 디자인,앱디자인,"1,071",11,1.01,848,"9,163"
Python & Django를 활용한 웹 서비스_개발자,플라스크,"12,793",8,0.07,"1,090","9,152"
파이썬을 통한 금융 데이터 수집과 분석 자동화 16기,파이썬스터디,"1,046",6,0.57,"1,505","9,031"
마케팅KPI수립,KPI,"51,545",8,0.02,"1,062","8,921"
7. 운영체제,임베디드시스템,"5,977",4,0.06,"2,472","8,899"
올인원 패키지 : 콘텐츠 마케팅_대표키워드,인스타관리,"5,090",10,0.19,927,"8,899"
ㅍAOP 전체_중복키워드_디자인(삭제),포토샵노트북,"7,255",10,0.13,926,"8,888"
파이썬 텍스트 마이닝,파이썬,"28,442",8,0.03,"1,054","8,855"
001.BASIC DESIGN,어도비XD,"7,926",24,0.30,369,"8,844"
올인원 패키지 : 업무자동화_4. VBA,VBA강좌,"1,656",11,0.65,817,"8,822"
002.마케팅 입문,네이버교육,"5,157",24,0.47,363,"8,712"
AOP 전체_중복키워드_디자인,제플린,"30,696",26,0.09,329,"8,679"
2. 프로그래밍,프로그래밍입문,"1,273",4,0.28,"2,380","8,569"
올인원 패키지 : 1인 쇼핑몰 시작하기_01.플랫폼,독립형쇼핑몰,"4,343",2,0.06,"3,529","8,470"
올인원 패키지 : 1인 쇼핑몰 시작하기_02.쇼핑몰구축,쇼핑몰택배,"4,200",10,0.23,881,"8,459"
올인원 패키지 : 영상 제작/편집_9.유튜브/유튜버,유튜버되는법,"3,785",4,0.10,"2,322","8,360"
002.마케팅 입문,B2B마케팅,"1,573",10,0.61,867,"8,327"
#000_마케팅 전체_main,홍보마케팅,"3,945",5,0.12,"1,733","8,316"
올인원 패키지 : 영상 제작/편집_8.파이널컷 프로,유튜브인트로,"2,509",16,0.62,532,"8,294"
올인원 패키지 : 투자_파워콘텐츠,주식사는법,"2,451",72,2.94,115,"8,250"
1. 앱웹서비스기획_일반,PM,"68,532",16,0.02,528,"8,239"
프로그래밍 전체,IOS,"417,011",48,0.01,171,"8,228"
상업용 부동산 실무 입문 4기,중개법인,"14,912",18,0.12,447,"8,041"
올인원 패키지 : 업무자동화_VBA,컴퓨터활용능력인강,"2,367",35,1.47,228,"7,920"
내 아이템에 맞는 영상 콘텐츠 기획/제작,동영상만들기,"2,565",5,0.19,"1,611","7,733"
대기업을 이기는 브랜딩 전략,컨설팅회사,"9,955",5,0.05,"1,609","7,722"
리눅스 인프라,노바,"69,650",20,0.03,377,"7,700"
OpenCV와 함께하는 컴퓨터 비전 프로그래밍,OPENCV,"5,533",19,0.35,397,"7,623"
1. 모바일앱개발_교육,안드로이드앱,"5,553",2,0.04,"3,135","7,524"
1. 코딩,코딩책,"3,656",8,0.23,889,"7,469"
서비스 기획 스쿨 5기_구글 연관검색어,서비스기획,"2,037",10,0.47,777,"7,458"
1. 모바일앱개발_교육,안드로이드스튜디오,"10,871",17,0.15,436,"7,326"
올인원 패키지 : 콘텐츠 마케팅_카피라이팅,상품페이지,"1,708",8,0.49,868,"7,293"
올인원 패키지 : 금융공학/퀀트_00.일반,퀀트,"27,470",40,0.14,184,"7,293"
상업용 부동산 실무 입문 4기,상업용부동산,"3,759",8,0.22,864,"7,260"
001.데이터분석/ 통계,데이터과학자,"1,220",13,1.08,546,"7,205"
내 아이템에 맞는 영상 콘텐츠 기획/제작,영상편집프로그램,"3,357",5,0.14,"1,499","7,194"
ㅍAOP 전체_중복키워드_디자인(삭제),포토샵기초,"3,556",4,0.10,"1,995","7,183"
ㅍ1. 전체,영상편집교육,"1,785",4,0.20,"1,992","7,172"
올인원 패키지 : 리더를 위한 HR/인재경영_2.리더십,조직관리,"18,439",5,0.03,"1,494","7,172"
올인원 패키지 : 영상 제작/편집_1.크리에이터,1인크리에이터,"2,803",6,0.21,"1,188","7,128"
파이썬 텍스트 마이닝,텍스트마이닝,"1,471",6,0.41,"1,170","7,018"
001.BASIC DESIGN,벽화알바,"1,394",20,1.46,336,"6,864"
AOP 전체_중복키워드_마케팅,CRM마케팅,"1,412",2,0.17,"2,855","6,853"
data_camp_pcda_3,파이썬다운로드,"5,568",18,0.32,380,"6,842"
4_벤처캐피탈 투자계약(벤처 투자),벤처투자,"3,539",2,0.07,"2,828","6,787"
AOP 전체_중복키워드_디자인,포토샵CC,"29,269",7,0.02,929,"6,688"
실전 웹 UX/UI 디자인,사이트제작,"1,568",7,0.46,917,"6,600"
1. 일반_PC,게임캐릭터만들기,"1,148",1,0.10,"5,445","6,534"
프로그래밍 전체,안드로이드,"603,990",43,0.01,151,"6,523"
AOP 전체_중복키워드_디자인,포토샵CS6,"42,712",7,0.02,897,"6,457"
타이포그래피와 편집디자인,캘리,"72,480",23,0.03,277,"6,325"
올인원 패키지 : 디지털 마케팅_3. 구글 광고,구글검색광고,"6,117",4,0.06,"1,751","6,303"
#000_마케팅 전체_main,CPA,"25,716",7,0.03,866,"6,237"
올인원 패키지 : 콘텐츠 마케팅_카피라이팅,상세페이지만들기,"1,653",6,0.36,"1,038","6,226"
ㅍAOP 전체_중복키워드_마케팅(삭제),바이럴영상,"2,102",2,0.11,"2,585","6,204"
#000_마케팅 전체_main,마케팅회사,"3,673",8,0.23,735,"6,171"
fin_camp_rdev_4,부동산디벨로퍼,"1,333",16,1.17,396,"6,171"
파이낸스 전체,펀드,"152,213",30,0.02,205,"6,160"
올인원 패키지 : 그로스해킹_1.용어,CAC,"1,524",4,0.24,"1,699","6,116"
올인원 패키지 : 콘텐츠 마케팅_카피라이팅,브랜디드콘텐츠,"4,471",14,0.32,425,"6,116"
올인원 패키지 : 업무자동화_2. 파이썬,크롤링,"10,231",5,0.05,"1,270","6,094"
typescript 실전 workshop,REACT,"16,399",8,0.05,725,"6,094"
고객의 마음을 읽는 구글애널리틱스,그로스해커,"1,883",32,1.72,184,"5,973"
올인원 패키지 : 1인 쇼핑몰 시작하기_00.창업_PC,온라인사업,"5,152",2,0.05,"2,484","5,962"
ㅍAOP 전체_중복키워드_비지니스(삭제),엑셀강좌,"14,212",4,0.03,"1,653","5,951"
1_벤처캐피탈에 대한 이해(벤처캐피탈),투자금회수,"12,194",10,0.08,616,"5,918"
비즈니스 전체,엑셀,"185,504",23,0.01,256,"5,841"
타이포그래피와 편집디자인,북커버,"24,266",16,0.06,369,"5,753"
AOP 전체_중복키워드_디자인,포토샵기초,"10,348",2,0.02,"2,374","5,698"
1_벤처캐피탈에 대한 이해(벤처캐피탈),벤처캐피탈,"7,425",16,0.21,364,"5,676"
프로그래밍 유치원,웹페이지만들기,"1,021",4,0.35,"1,574","5,665"
4. css,CSS,"37,224",10,0.03,588,"5,643"
파이썬 텍스트 마이닝,PYTHON,"13,444",4,0.03,"1,552","5,588"
AOP 전체_중복키워드_마케팅,웹로그분석,"9,515",1,0.01,"4,593","5,511"
올인원 패키지 : 콘텐츠 마케팅_카피라이팅,광고시안,"1,054",11,1.02,510,"5,511"
ㅍAOP 전체_중복키워드_디자인(삭제),제플린,"12,179",13,0.11,414,"5,467"
마케터를 위한 데이터 해석 실전,CRM마케팅,"1,986",4,0.18,"1,503","5,412"
건강한 조직을 만드는 HR 전략 WORKSHOP,조직문화개선,"3,309",6,0.18,902,"5,412"
OpenCV와 함께하는 컴퓨터 비전 프로그래밍,얼굴인식,"7,812",2,0.03,"2,241","5,379"
올인원 패키지 : 1인 쇼핑몰 시작하기_00.창업_PC,쇼핑몰사업,"1,593",5,0.30,"1,121","5,379"
1. 전체,컴퓨터그래픽디자이너,"2,411",2,0.10,"2,237","5,368"
SEO/SEM 전략,검색엔진,"2,730",4,0.13,"1,491","5,368"
002.마케팅 입문,마케팅직무,"2,084",11,0.52,493,"5,324"
올인원 패키지 : 1인 쇼핑몰 시작하기_06.해외쇼핑몰,해외직구쇼핑몰,"2,978",14,0.48,368,"5,302"
ㅍAOP 전체_중복키워드_디자인(삭제),포토샵CS6,"24,010",7,0.03,735,"5,291"
영상 콘텐츠 디자인 유치원,AFTEREFFECT,"3,372",6,0.18,878,"5,269"
올인원 패키지 : 업무자동화_2. 파이썬,GUI,"32,179",4,0.01,"1,451","5,225"
ㅍAOP 전체_중복키워드_디자인(삭제),포토샵CS2,"21,616",6,0.03,871,"5,225"
1. 코딩,코딩강좌,"2,550",2,0.09,"2,173","5,214"
#000_마케팅 전체_main,온라인광고대행사,"1,965",6,0.31,864,"5,181"
올인원 패키지 : 디지털 마케팅_5. 태그매니저,GTM,"4,408",8,0.19,612,"5,137"
올인원 패키지 : 업무자동화_3. 엑셀,엑셀피벗테이블,"49,755",8,0.02,610,"5,126"
1. 전체,그래픽디자인,"1,495",2,0.16,"2,127","5,104"
올인원 패키지 : 콘텐츠 마케팅_대표키워드,미디어마케팅,"1,334",5,0.36,"1,061","5,093"
올인원 패키지 : 투자_파워콘텐츠,주식시세,"1,460",19,1.32,261,"5,016"
007.빅데이터,오픈스택,"2,195",5,0.22,"1,040","4,994"
코딩으로 여행하는 블록체인 서비스,BLOCKCHAIN,"1,565",4,0.23,"1,381","4,972"
1. 모바일앱개발_세부,안드로이드스튜디오,"12,183",8,0.07,587,"4,928"
올인원 패키지 : 업무자동화_VBA,컴퓨터활용능력학원,"2,165",18,0.83,273,"4,917"
모바일 앱 GUI 포트폴리오 디자인 LAB,부동산앱,"8,562",8,0.10,584,"4,906"
올인원 패키지 : 그로스해킹_5.마케팅 분석,무료빅데이터,"6,488",4,0.06,"1,341","4,829"
#000_마케팅 전체_main,홍보방법,"8,509",5,0.06,"1,006","4,829"
포토샵 유치원_일러스트레이터 유치원,타이포그래피,"35,737",7,0.02,663,"4,774"
Python & Django를 활용한 웹 서비스_일반,파이썬,"6,022",4,0.06,"1,311","4,719"
ㅍ올인원 패키지 : UX/UI 디자인 입문_연관검색어(삭제),GUI,"12,630",4,0.03,"1,299","4,675"
3. html,HTML강좌,"1,442",2,0.17,"1,930","4,631"
AOP 전체_중복키워드_디자인,포토샵CC2018,"4,064",6,0.15,768,"4,609"
003.파이썬,DJANGO,"2,453",7,0.29,640,"4,609"
마케터를 위한 데이터 해석 실전,퍼포먼스마케터,"1,027",8,0.82,549,"4,609"
1. 모바일앱개발_교육,IOS개발,"1,528",2,0.16,"1,911","4,587"
올인원 패키지 : 콘텐츠 마케팅_카피라이팅,쇼핑몰상세페이지,"1,070",5,0.45,940,"4,510"
AOP 전체_중복키워드_디자인,포토샵사진보정,"11,698",4,0.03,"1,250","4,499"
002.R,SQL,"5,109",6,0.12,750,"4,499"
모바일 앱 GUI 포트폴리오 디자인 LAB,서비스기획,"3,434",13,0.38,333,"4,389"
블록체인 신사업 시작하기,DAPP,"1,044",2,0.23,"1,824","4,378"
타이포그래피와 편집디자인,팜플렛제작,"1,241",11,0.87,405,"4,378"
#000_마케팅 전체_main,인스타그램마케팅,"4,038",5,0.12,908,"4,356"
AOP 전체_중복키워드_디자인,포토샵누끼,"6,914",5,0.07,908,"4,356"
#000_마케팅 전체_main,유튜브광고,"5,255",6,0.11,724,"4,345"
대기업을 이기는 브랜딩 전략,브랜드로고,"1,856",4,0.19,"1,204","4,334"
AOP 전체_중복키워드_디자인,포토샵보정,"20,213",5,0.02,903,"4,334"
AOP 전체_중복키워드_디자인,포토샵프로그램,"6,472",4,0.06,"1,195","4,301"
올인원 패키지 : 디지털 마케팅_8. 검색 마케팅,키워드광고,"2,025",5,0.24,891,"4,279"
올인원 패키지 : UX/UI 디자인 입문_연관검색어,UX,"10,110",5,0.05,891,"4,279"
007.빅데이터,DATABASE,"1,728",4,0.21,"1,186","4,268"
007.빅데이터,빅데이터자격증,"1,078",4,0.33,"1,179","4,246"
대기업을 이기는 브랜딩 전략,브랜드아이덴티티,"1,963",2,0.12,"1,760","4,224"
대기업을 이기는 브랜딩 전략,브랜드런칭,"1,436",4,0.25,"1,167","4,202"
AOP 전체_중복키워드_디자인,포토샵CS2,"29,324",5,0.02,873,"4,191"
ㅍAOP 전체_중복키워드_디자인(삭제),포토샵사진보정,"7,352",4,0.05,"1,158","4,169"
내 아이템에 맞는 영상 콘텐츠 기획/제작,애프터이펙트,"1,804",2,0.13,"1,733","4,158"
영상 콘텐츠 디자인 유치원,영상기획,"1,029",5,0.47,862,"4,136"
Javascript 정복 프로젝트,AJAX,"9,197",6,0.07,688,"4,125"
SEO/SEM 전략,네이버키워드광고,"3,692",1,0.03,"3,419","4,103"
올인원 패키지 : 업무자동화_2. 파이썬,파이썬크롤링,"3,514",2,0.07,"1,705","4,092"
001.데이터분석/ 통계,시계열분석,"1,889",4,0.19,"1,134","4,081"
ㅍAOP 전체_중복키워드_디자인(삭제),포토샵CC2018,"2,234",5,0.21,848,"4,070"
올인원 패키지 : 1인 쇼핑몰 시작하기_02.쇼핑몰구축,쇼핑몰재고관리,"1,393",1,0.09,"3,383","4,059"
마케팅 유치원,마케팅종류,"5,226",5,0.09,836,"4,015"
1. 모바일앱개발_세부,모바일개발,"3,286",2,0.07,"1,664","3,993"
AOP 전체_중복키워드_디자인,포토샵교육,"2,803",1,0.04,"3,318","3,982"
ㅍ1. 전체,일러스트레이션,"2,818",1,0.04,"3,300","3,960"
실전 웹/앱 프로젝트 기획,앱만들기,"1,005",5,0.48,820,"3,938"
올인원 패키지 : 업무자동화_VBA,컴활1급실기인강,"2,207",17,0.76,234,"3,927"
AOP 전체_중복키워드_디자인,포토샵노트북,"9,559",6,0.06,636,"3,817"
AOP 전체_중복키워드_디자인,일러스트레이터CS6,"5,461",4,0.07,"1,054","3,795"
타이포그래피와 편집디자인,리플렛,"5,481",8,0.15,450,"3,784"
올인원 패키지 : 콘텐츠 마케팅_카피라이팅,유행어,"247,898",59,0.02,64,"3,773"
5. javascript,자바스크립트강좌,"3,095",1,0.04,"3,135","3,762"
다빈치리졸브와 컬러그레이딩,색보정,"1,943",10,0.49,391,"3,751"
ㅍAOP 전체_중복키워드_디자인(삭제),포토샵다운로드,"6,710",8,0.13,445,"3,740"
AOP 전체_중복키워드_디자인,포토샵CS5,"10,839",4,0.03,"1,033","3,718"
내 아이템에 맞는 영상 콘텐츠 기획/제작,유튜브편집,"2,547",2,0.09,"1,540","3,696"
올인원 패키지 : 콘텐츠 마케팅_콘텐츠 제작,페이스북카드뉴스,"1,521",6,0.39,601,"3,608"
올인원 패키지 : 금융공학/퀀_03.금융공학,주식선물,"13,038",1,0.01,"2,998","3,597"
포토샵 유치원_일러스트레이터 유치원,일러스트CS6,"5,763",4,0.06,999,"3,597"
왕초보의 파이썬 웹 프로그래밍 CAMP,웹프로그래머,"1,991",1,0.06,"2,961","3,553"
마케터를 위한 데이터 해석 실전,마케팅용어,"4,148",4,0.09,972,"3,498"
ㅍ1. 전체,북디자인,"1,826",2,0.13,"1,453","3,487"
올인원 패키지 : 브랜딩,브랜드스토리,"1,947",4,0.18,966,"3,476"
ㅍAOP 전체_중복키워드_프로그래밍(삭제),웹크롤링,"2,180",5,0.22,720,"3,454"
다빈치리졸브와 컬러그레이딩,블랙매직디자인,"1,718",10,0.56,359,"3,443"
fin_camp_rdev_4,부동산금융,"1,089",4,0.33,953,"3,432"
올인원 패키지 : 디지털 마케팅_트위터광고,트위터광고,"23,276",5,0.02,715,"3,432"
AOP 전체_중복키워드_디자인,포토샵다운로드,"12,288",8,0.07,407,"3,421"
다빈치리졸브와 컬러그레이딩,블랙매직,"14,191",11,0.08,307,"3,311"
#000_마케팅 전체_main,페이스북이벤트,"5,503",2,0.04,"1,370","3,289"
AOP 전체_중복키워드_디자인,포토샵7.0한글판,"1,356",4,0.27,908,"3,267"
007.빅데이터,키스톤,"6,258",4,0.06,901,"3,245"
올인원 패키지 : 1인 쇼핑몰 시작하기_04.호스팅사,카페24쇼핑몰,"2,646",2,0.09,"1,343","3,223"
올인원 패키지 : 1인 쇼핑몰 시작하기_01.플랫폼,11번가상품등록,"1,034",1,0.12,"2,668","3,201"
올인원 패키지 : 그로스해킹_1.용어,DASHBOARD,"4,591",4,0.08,886,"3,190"
타이포그래피와 편집디자인,편집,"50,324",10,0.02,332,"3,190"
포토샵 유치원_일러스트레이터 유치원,애니일러스트,"2,757",4,0.13,883,"3,179"
마케터를 위한 데이터 해석 실전,CRM,"2,956",2,0.08,"1,320","3,168"
영상 콘텐츠 디자인 유치원,영상편집,"3,482",4,0.10,865,"3,113"
#000_마케팅 전체_main,브랜딩,"5,615",5,0.09,649,"3,113"
AOP 전체_중복키워드_디자인,포토샵가격,"10,141",4,0.04,862,"3,102"
Vue로 구현하는 PWA CAMP,VUE,"3,197",8,0.26,369,"3,102"
올인원 패키지 : 업무자동화_3. 엑셀,INDEX,"56,779",8,0.01,369,"3,102"
#000_마케팅 전체_main,CPA광고,"1,164",4,0.31,859,"3,091"
8. 시스템 프로그래밍,UBUNTU,"27,155",14,0.05,215,"3,091"
상업용 부동산 실무 입문 4기,10억건물,"1,976",2,0.12,"1,283","3,080"
올인원 패키지 : 업무자동화_4. VBA,SELENIUM,"4,355",2,0.06,"1,274","3,058"
Vue로 구현하는 PWA CAMP,웹앱,"1,688",1,0.07,"2,539","3,047"
ㅍAOP 전체_중복키워드_마케팅(삭제),웹로그분석,"5,731",1,0.02,"2,521","3,025"
쉽고 재미있는 재무제표 분석 17기,재무제표,"15,977",6,0.04,501,"3,003"
001.데이터분석/ 통계,SPSS,"11,584",2,0.02,"1,247","2,992"
AOP 전체_중복키워드_비지니스,엑셀온라인,"1,195",4,0.30,828,"2,981"
001.데이터분석/ 통계,BIGDATA,"1,145",2,0.21,"1,238","2,970"
ㅍAOP 전체_중복키워드_마케팅(삭제),마케팅분석,"4,966",1,0.02,"2,457","2,948"
002.R,R프로그램,"1,195",4,0.30,810,"2,915"
마케팅KPI수립,OKR,"7,007",14,0.21,202,"2,915"
대기업을 이기는 브랜딩 전략,브랜드전략,"1,688",2,0.14,"1,192","2,860"
실전 웹 UX/UI 디자인,웹디자인프로그램,"1,339",4,0.27,794,"2,860"
#000_마케팅 전체_main,체험단마케팅,"1,584",4,0.23,791,"2,849"
타이포그래피와 편집디자인,손글씨,"55,942",10,0.02,296,"2,838"
Python & Django를 활용한 웹 서비스_개발자,FLASK,"1,655",4,0.22,785,"2,827"
8. 시스템 프로그래밍,시스템프로그래밍,"3,342",4,0.11,785,"2,827"
1_2 대표 경쟁,실무교육,"28,711",4,0.01,785,"2,827"
AOP 전체_중복키워드_디자인,포토샵라이트룸,"2,646",7,0.27,393,"2,827"
OpenCV와 함께하는 컴퓨터 비전 프로그래밍,MFC,"1,763",1,0.07,"2,338","2,805"
Java 웹 프로그래밍 마스터 4기 : 3개월,JAVA,"8,254",1,0.01,"2,328","2,794"
올인원 패키지 : 업무자동화_4. VBA,EXCELVBA,"1,086",6,0.55,466,"2,794"
타이포그래피와 편집디자인,비주얼씽킹,"17,543",12,0.07,232,"2,783"
002.R,깃허브,"12,850",4,0.03,764,"2,750"
#000_마케팅 전체_main,병원마케팅,"1,305",4,0.28,758,"2,728"
포토샵 유치원_일러스트레이터 유치원,타이포그라피,"6,776",2,0.04,"1,128","2,706"
올인원 패키지 : 그로스해킹_2.그로스해킹,CAC,"2,538",2,0.09,"1,118","2,684"
타이포그래피와 편집디자인,캘리그라피폰트,"5,968",6,0.10,446,"2,673"
001.BASIC DESIGN,ADOBEXD,"5,524",8,0.15,310,"2,607"
실전 웹/앱 프로젝트 기획,모바일앱,"17,000",4,0.02,715,"2,574"
올인원 패키지 : 투자_파워콘텐츠,연금펀드,"1,574",40,2.52,65,"2,574"
크리에이티브 전체,디자인,"25,257",11,0.04,236,"2,552"
마케팅 전체,마케터,"7,341",10,0.13,262,"2,519"
마케팅KPI수립,KPI지표,"2,820",11,0.38,233,"2,519"
크리에이티브 전체,디자인서적,"3,055",14,0.47,171,"2,464"
마케팅 전체,마케팅스터디,"1,146",13,1.15,185,"2,442"
올인원 패키지 : 업무자동화_4. VBA,VBA기초,"1,575",4,0.23,672,"2,420"
실전 웹/앱 프로젝트 기획,기획강의,"1,640",14,0.88,167,"2,409"
파이썬을 통한 금융 데이터 수집과 분석 자동화 16기,CSV,"65,861",10,0.01,250,"2,398"
프로그래밍 전체,백엔드,"14,685",10,0.07,248,"2,376"
포토샵 유치원_일러스트레이터 유치원,ILLUST,"77,164",18,0.02,132,"2,376"
올인원 패키지 : 영상 제작/편집_6.프리미어프로,오디오편집,"3,771",4,0.10,657,"2,365"
올인원 패키지 : 리더를 위한 HR/인재경영_1.인재,인사고과,"9,059",4,0.04,648,"2,332"
올인원 패키지 : 1인 쇼핑몰 시작하기_06.해외쇼핑몰,직구쇼핑몰,"1,654",12,0.73,194,"2,332"
002.UX/UI,SKETCH,"6,498",17,0.26,139,"2,332"
ㅍAOP 전체_중복키워드_디자인(삭제),포토샵CC,"15,679",2,0.02,953,"2,288"
리눅스 인프라,우분투,"20,887",5,0.02,477,"2,288"
6. 파이썬,파이썬프로그램,"2,667",1,0.04,"1,879","2,255"
fin_camp_modeling_15,모델링,"13,851",5,0.03,468,"2,244"
#000_마케팅 전체_main,광고대행,"1,362",2,0.18,912,"2,189"
Python & Django를 활용한 웹 서비스_일반,파이참,"3,663",1,0.03,"1,806","2,167"
fin_camp_feasibilitystudy_18,현금흐름,"3,510",4,0.10,599,"2,156"
올인원 패키지 : 금융공학/퀀트_01.파이썬기본&자동화,볼린저밴드,"33,696",5,0.01,447,"2,145"
올인원 패키지 : 리더를 위한 HR/인재경영_1.인재,인사노무,"2,296",1,0.05,"1,769","2,123"
실전 웹 UX/UI 디자인,RFP,"22,055",6,0.03,354,"2,123"
올인원 패키지 : 디지털 마케팅_8. 검색 마케팅,검색광고,"3,886",2,0.06,871,"2,090"
파이낸스 전체,퀀트투자,"5,916",8,0.14,249,"2,090"
Vue.js 정복 CAMP,VUE,"4,149",6,0.14,345,"2,068"
영상 콘텐츠 디자인 유치원,트랜스폼,"70,543",7,0.01,287,"2,068"
AOP 전체_중복키워드_디자인,인디자인자격증,"1,553",1,0.08,"1,714","2,057"
타이포그래피와 편집디자인,켈리그라피,"4,022",5,0.12,426,"2,046"
파이낸스 전체,부동산스터디,"196,862",13,0.01,155,"2,046"
올인원 패키지 : 1인 쇼핑몰 시작하기_01.플랫폼,오픈마켓입점,"1,337",1,0.09,"1,696","2,035"
건강한 조직을 만드는 HR 전략 WORKSHOP,인재개발,"4,270",2,0.06,848,"2,035"
크리에이티브 전체,디자인스터디,"1,653",16,0.94,130,"2,035"
007.빅데이터,클라우드서버,"1,152",2,0.21,825,"1,980"
올인원 패키지 : 영상 제작/편집_9.유튜브/유튜버,유튜버시작,"1,946",2,0.12,825,"1,980"
딥러닝으로 배우는 병렬처리 CAMP,CUDA,"2,158",5,0.22,413,"1,980"
AOP 전체_중복키워드_디자인,어도비인디자인,"7,111",1,0.02,"1,641","1,969"
#000_마케팅 전체_main,파워블로그,"4,889",2,0.05,807,"1,936"
올인원 패키지 : 콘텐츠 마케팅_카피라이팅,홍보문구,"7,983",4,0.05,538,"1,936"
1. 코딩,코딩스터디,"2,599",8,0.32,225,"1,892"
파이썬을 통한 금융 데이터 수집과 분석 자동화 16기,투자기법,"3,197",6,0.19,314,"1,881"
data_camp_rmp_8,데이터분석가,"6,561",2,0.04,779,"1,870"
올인원 패키지 : 리더를 위한 HR/인재경영_1.인재,직원평가,"13,926",2,0.02,779,"1,870"
올인원 패키지 : 영상 제작/편집_3.촬영 기법/장비1,카메라촬영,"1,928",1,0.06,"1,549","1,859"
AOP 전체_중복키워드_마케팅,구글광고,"4,699",1,0.03,"1,531","1,837"
올인원 패키지 : 콘텐츠 마케팅_대표키워드,콘텐츠디자인,"2,356",6,0.25,306,"1,837"
왕초보의 파이썬 웹 프로그래밍 CAMP,DJANGO,"2,105",7,0.34,252,"1,815"
파이썬을 통한 금융 데이터 수집과 분석 자동화 16기,PANDAS,"3,331",5,0.14,367,"1,760"
AOP 전체_중복키워드_비지니스,엑셀VBA,"4,085",4,0.09,483,"1,738"
1. 전체,포토샵누끼따기,"25,020",8,0.03,207,"1,738"
#000_마케팅 전체_main,키워드검색,"16,340",2,0.01,710,"1,705"
타이포그래피와 편집디자인,TYPO,"13,427",7,0.05,235,"1,694"
Javascript 정복 프로젝트,SPA,"2,065",1,0.06,"1,393","1,672"
타이포그래피와 편집디자인,CI,"3,261",4,0.11,461,"1,661"
올인원 패키지 : 영상 제작/편집_2.영상제작이론,콘티,"61,806",4,0.01,461,"1,661"
딥러닝으로 배우는 병렬처리 CAMP_구버전,멀티코어,"2,511",1,0.05,"1,375","1,650"
파이썬을 통한 금융 데이터 수집과 분석 자동화 16기,거래량분석,"1,299",4,0.28,455,"1,639"
리눅스 인프라,MARIADB,"2,014",4,0.18,455,"1,639"
리눅스 인프라,MYSQL,"2,433",1,0.05,"1,357","1,628"
리눅스 인프라,VMWARE,"18,524",1,0.01,"1,357","1,628"
#000_마케팅 전체_main,검색엔진,"32,332",5,0.01,337,"1,617"
ㅍAOP 전체_중복키워드_디자인(삭제),GTQ포토샵2급,"2,158",1,0.06,"1,338","1,606"
data_camp_pcda_3,파이썬활용,"1,460",2,0.16,669,"1,606"
포토샵 유치원_일러스트레이터 유치원,벡터이미지,"2,344",4,0.15,446,"1,606"
6.  컴퓨터구조,프로세서,"11,827",4,0.03,446,"1,606"
올인원 패키지 : 콘텐츠 마케팅_대표키워드,SNS이벤트,"6,953",1,0.02,"1,320","1,584"
007.빅데이터,오픈소스,"3,329",1,0.04,"1,311","1,573"
마케팅 유치원,마케팅업무,"2,175",5,0.22,319,"1,529"
001.BASIC DESIGN,포토샵CS6,"13,573",4,0.03,422,"1,518"
1. 모바일앱개발_교육,코틀린,"1,786",6,0.34,251,"1,507"
1. 전체,포토샵초보,"1,494",1,0.08,"1,238","1,485"
4. 웹의 동작,SOAP,"22,522",4,0.02,413,"1,485"
7. 운영체제,가상메모리,"94,933",23,0.02,64,"1,463"
올인원 패키지 : 업무자동화_2. 파이썬,구글스프레드시트,"57,276",7,0.01,200,"1,441"
#000_마케팅 전체_main,스포츠마케팅,"7,860",2,0.03,596,"1,430"
리눅스 인프라,리눅스,"1,345",1,0.09,"1,183","1,419"
포토샵 유치원_일러스트레이터 유치원,일러스트프로그램,"4,395",1,0.03,"1,173","1,408"
올인원 패키지 : 업무자동화_3. 엑셀,엑셀초급,"1,800",2,0.13,587,"1,408"
올인원 패키지 : 리더를 위한 HR/인재경영_2.리더십,조직문화,"8,244",2,0.03,587,"1,408"
타이포그래피와 편집디자인,캘러그라피,"1,131",4,0.32,391,"1,408"
모바일 앱 GUI 포트폴리오 디자인 LAB,디자인사이트,"2,739",2,0.09,582,"1,397"
typescript 실전 workshop,JS,"32,315",12,0.04,116,"1,397"
리눅스 인프라,NOVA,"3,139",2,0.08,578,"1,386"
003.파이썬,전처리,"5,089",1,0.02,"1,146","1,375"
#000_마케팅 전체_main,페이스북광고하는법,"1,048",2,0.23,568,"1,364"
올인원 패키지 : 투자_파워콘텐츠,주식어플,"1,349",16,1.16,87,"1,353"
1. 전체,일러스트레이터기초,"1,790",1,0.07,"1,118","1,342"
머신러닝을 위한 선형대수학,이산수학,"1,957",1,0.06,"1,118","1,342"
올인원 패키지 : 파이썬 웹 개발_2.프론트엔드기초,CSS,"6,853",1,0.02,"1,118","1,342"
003.파이썬,파이선,"1,357",1,0.09,"1,109","1,331"
Vue로 구현하는 PWA CAMP,REACTNATIVE,"1,057",4,0.34,370,"1,331"
올인원 패키지 : 업무자동화_3. 엑셀,엑셀기초,"3,972",1,0.03,"1,100","1,320"
AOP 전체_중복키워드_디자인,포토샵로고만들기,"6,847",1,0.02,"1,100","1,320"
6_스타트업 M&A에 대한 단상(스타트업),스타트업취업,"1,928",4,0.19,367,"1,320"
마케팅 전체,프로모션,"82,858",7,0.01,183,"1,320"
크리에이티브 전체,BX,"8,349",6,0.07,216,"1,298"
마케팅KPI수립,핵심성과지표,"5,031",10,0.19,135,"1,298"
007.빅데이터,PAAS,"1,223",1,0.10,"1,073","1,287"
002.R,마크다운,"62,559",11,0.02,119,"1,287"
올인원 패키지 : 영상 제작/편집_3.촬영 기법/장비1,촬영기법,"46,646",14,0.03,89,"1,287"
ㅍAOP 전체_중복키워드_디자인(삭제),포토샵로고만들기,"3,696",1,0.03,"1,063","1,276"
올인원 패키지 : 업무자동화_3. 엑셀,MID,"14,709",5,0.03,266,"1,276"
프로그래밍 전체,VR,"25,634",5,0.02,266,"1,276"
data_camp_pcda_3,LEAFLET,"9,288",2,0.03,527,"1,265"
1. 전체,포토샵책,"5,034",5,0.10,264,"1,265"
ㅍAOP 전체_중복키워드_디자인(삭제),포토샵누끼,"5,290",2,0.05,523,"1,254"
ㅍAOP 전체_중복키워드_디자인(삭제),포토샵가격,"5,983",1,0.02,"1,036","1,243"
data_camp_rmp_8,R설치,"3,125",2,0.08,513,"1,232"
iOS 개발 스쿨 9기_기존 키워드,앱스토어,"126,393",19,0.02,63,"1,210"
007.빅데이터,오픈플랫폼,"1,244",1,0.10,999,"1,199"
올인원 패키지 : 디지털 마케팅_1. 디지털 마케팅,RTB,"3,946",4,0.09,330,"1,188"
7. 운영체제,OS,"90,041",8,0.01,141,"1,188"
8. 시스템 프로그래밍,UNIX,"7,070",1,0.02,972,"1,166"
ㅍ올인원 패키지 : UX/UI 디자인 입문_연관검색어(삭제),UX,"7,229",1,0.02,963,"1,155"
AOP 전체_중복키워드_디자인,인디자인CC,"1,085",1,0.11,944,"1,133"
고객의 마음을 읽는 구글애널리틱스,구글자격증,"1,124",4,0.32,315,"1,133"
마케팅 전체,데이터마케팅,"1,033",5,0.46,234,"1,122"
비즈니스 전체,전략기획,"21,278",6,0.03,187,"1,122"
비즈니스 전체,VC,"25,503",10,0.04,117,"1,122"
#000_마케팅 전체_main,검색광고,"2,153",1,0.06,917,"1,100"
AOP 전체_중복키워드_마케팅,컨텐츠기획,"2,575",1,0.05,917,"1,100"
AOP 전체_중복키워드_디자인,포토샵7.0,"10,013",4,0.04,306,"1,100"
1. 경영 일반,경영전략,"11,662",1,0.01,908,"1,089"
6.  컴퓨터구조,컴퓨터CPU,"3,419",2,0.07,454,"1,089"
#000_마케팅 전체_main,페이스북팔로워늘리기,"1,074",5,0.45,227,"1,089"
ㅍAOP 전체_중복키워드_디자인(삭제),포토샵프로그램,"2,813",1,0.04,898,"1,078"
2_투자유치를 위한 사업계획서 작성(투자유치),투자유치,"5,741",1,0.02,898,"1,078"
data_camp_rmp_8,GLM,"21,656",12,0.06,90,"1,078"
#000_마케팅 전체_main,바이럴마케팅대행,"2,409",1,0.05,889,"1,067"
data_camp_rmp_8,데이터분석전문가,"1,109",2,0.22,440,"1,056"
타이포그래피와 편집디자인,캘라그라피,"1,439",2,0.17,440,"1,056"
올인원 패키지 : 그로스해킹_1.용어,ROI,"22,899",2,0.01,440,"1,056"
fin_camp_feasibilitystudy_18,WACC,"1,505",2,0.16,435,"1,045"
1. 일반_PC,게임책,"1,263",5,0.38,218,"1,045"
LaTeX를 활용한 효율적 논문작성 Workshop,논문작성,"4,917",1,0.02,862,"1,034"
typescript 실전 workshop,GENERIC,"9,740",4,0.04,287,"1,034"
007.빅데이터,데이터웨어하우스,"1,025",1,0.12,853,"1,023"
001.BASIC DESIGN,포토샵,"6,199",2,0.04,426,"1,023"
1. 전체,스케치프로그램,"3,322",10,0.29,107,"1,023"
#000_마케팅 전체_main,구글광고,"2,197",1,0.05,843,"1,012"
006.딥러닝,강화학습,"3,074",2,0.08,422,"1,012"
AOP 전체_중복키워드_비지니스,엑셀기초,"1,815",1,0.07,834,"1,001"
7. 운영체제,컴퓨터사이언스,"3,018",6,0.20,167,"1,001"
올인원 패키지 : 1인 쇼핑몰 시작하기_01.플랫폼,11번가판매자,"4,948",4,0.07,275,990
1. 모바일앱개발_교육,KOTLIN,"1,175",4,0.31,269,968
프로그래밍 유치원,HTML태그,"5,099",1,0.02,798,957
올인원 패키지 : 디자인 툴_파워컨텐츠_포토샵,디자이너,"1,438",2,0.17,399,957
ㅍAOP 전체_중복키워드_디자인(삭제),어도비인디자인,"4,362",1,0.03,788,946
typescript 실전 workshop,디버깅,"17,676",1,0.01,788,946
data_camp_pcda_3,SELENIUM,"1,396",2,0.17,394,946
파이낸스 전체,투자,"10,338",4,0.03,263,946
비즈니스 전체,HRD,"1,795",4,0.20,260,935
UX 디자인 실전,와이어프레임,"1,769",1,0.07,770,924
5_초기 스타트업 실제 투자사례(창업자),스타트업정부지원,"1,186",1,0.10,761,913
ㅍAOP 전체_중복키워드_디자인(삭제),포토샵보정,"13,096",1,0.01,761,913
1. 경영 일반,경영학,"2,144",2,0.11,380,913
디지털 마케팅,디지털마케팅서밋,"2,753",2,0.09,380,913
올인원 패키지 : 리더를 위한 HR/인재경영_5.HR,인사업무,"5,261",2,0.05,380,913
올인원 패키지 : 영상 제작/편집_4.포토샵,유튜브자막,"7,277",2,0.03,362,869
올인원 패키지 : 업무자동화_3. 엑셀,엑셀서식,"22,362",2,0.01,362,869
ㅍ1. 전체,ADOBEXD,"1,401",5,0.34,181,869
프로그래밍 유치원,SCSA,"2,397",2,0.10,358,858
1. 전체,일러스트레이터책,"1,068",4,0.34,238,858
비즈니스 전체,스타트업,"33,549",4,0.01,238,858
ㅍ1. 전체,포토샵누끼따기,"12,311",5,0.04,176,847
블록체인 신사업 시작하기,블록체인스타트업,"1,051",4,0.34,226,814
ㅍAOP 전체_중복키워드_디자인(삭제),어도비XD,"3,061",5,0.16,170,814
올인원 패키지 : 영상 제작/편집_3.촬영 기법/장비1,영상촬영기법,"1,138",1,0.11,669,803
7. 운영체제,OPERATINGSYSTEM,"9,885",4,0.04,223,803
2_투자유치를 위한 사업계획서 작성(투자유치),시장경쟁,"58,564",7,0.01,110,792
Python & Django를 활용한 웹 서비스_일반,파이썬책,"1,298",1,0.09,651,781
인디자인 유치원,어도비인디자인,"2,230",1,0.05,642,770
올인원 패키지 : FAST MBA_파워컨텐츠_아마존,경영지도사,"2,312",12,0.52,64,770
3. html,HTMLTABLE,"43,307",12,0.03,64,770
005.머신러닝,인공신경망,"2,090",2,0.11,316,759
건강한 조직을 만드는 HR 전략 WORKSHOP,인사직무,"4,594",5,0.10,156,748
007.빅데이터,MSAZURE,"1,504",1,0.08,614,737
AOP 전체_중복키워드_디자인,어도비XD,"2,659",4,0.14,205,737
fin_camp_feasibilitystudy_18,DCF,"2,638",1,0.05,587,704
데이터 사이언스 전체,R,"13,350",4,0.03,196,704
1. 컴퓨터공학 일반,컴공전망,"1,148",1,0.10,578,693
1. 전체,영상에자막넣기,"1,673",1,0.07,578,693
LaTeX를 활용한 효율적 논문작성 Workshop,TEMPLATE,"19,443",1,0.01,578,693
fin_camp_feasibilitystudy_18,NPV,"2,204",1,0.05,568,682
올인원 패키지 : 영상 제작/편집_1.크리에이터,크리에이터,"3,326",2,0.07,284,682
프로그래밍 전체,AR,"2,728",2,0.09,275,660
비즈니스 전체,서비스기획,"3,369",4,0.11,183,660
올인원 패키지 : 그로스해킹_1.용어,ROAS,"5,485",1,0.02,541,649
올인원 패키지 : 영상 제작/편집_3.촬영 기법/장비1,영상용카메라,"1,197",1,0.10,532,638
마케팅 전체,KPI,"26,574",7,0.03,89,638
인디자인 유치원,인디자인,"1,468",1,0.08,523,627
올인원 패키지 : 1인 쇼핑몰 시작하기_01.플랫폼,11번가입점,"1,580",1,0.08,523,627
올인원 패키지 : 1인 쇼핑몰_00.창업_MO,여자쇼핑몰,"1,449",4,0.25,174,627
파이낸스 전체,재무,"19,004",4,0.02,174,627
비즈니스 전체,인사교육,"2,585",2,0.09,257,616
1. 전체,프로토파이,"1,808",10,0.53,64,616
올인원 패키지 : 파이썬 웹 개발_4.Django,도커,"1,188",1,0.10,504,605
올인원 패키지 : 1인 쇼핑몰 시작하기_00.창업_PC,쇼핑몰오픈,"1,027",1,0.12,495,594
데이터 사이언스 전체,파이썬독학,"1,282",2,0.19,248,594
Vue.js 정복 CAMP,VUE.JS,"2,208",7,0.33,83,594
data_camp_pcda_3,파이썬이란,"1,127",1,0.11,486,583
올인원 패키지 : 업무자동화_3. 엑셀,엑셀차트,"9,438",1,0.01,486,583
ㅍAOP 전체_중복키워드_디자인(삭제),포토샵라이트룸,"1,735",1,0.07,477,572
data_camp_pcda_3,JUPYTERNOTEBOOK,"5,559",5,0.09,119,572
001.BASIC DESIGN,포토샾,"1,197",1,0.10,468,561
8. 시스템 프로그래밍,리눅스란,"1,405",1,0.09,468,561
타이포그래피와 편집디자인,편집디자이너,"2,458",1,0.05,458,550
5_초기 스타트업 실제 투자사례(창업자),창업자,"6,301",1,0.02,458,550
올인원 패키지 : 리더를 위한 HR/인재경영_3.온보딩,인사부,"11,416",8,0.07,65,550
1. 전체,재플린,"1,756",4,0.21,150,539
#000_마케팅 전체_main,페이스북픽셀,"13,853",8,0.06,64,539
3. 파이썬,COMMIT,"66,701",8,0.01,64,539
ㅍAOP 전체_중복키워드_마케팅(삭제),GAIQ,"1,030",1,0.12,440,528
다빈치리졸브와 컬러그레이딩,그레이딩,"1,945",1,0.06,440,528
리눅스 인프라,도커,"3,387",1,0.04,440,528
올인원 패키지 : 그로스해킹_2.그로스해킹,그로스해커,"1,078",7,0.67,73,528
건강한 조직을 만드는 HR 전략 WORKSHOP,인사팀업무,"5,485",4,0.07,144,517
모바일 앱 GUI 포트폴리오 디자인 LAB,병원앱,"1,351",1,0.09,422,506
올인원 패키지 : 업무자동화_1. 자동화,엑셀자동,"3,585",1,0.03,422,506
ㅍ1. 전체,재플린,"1,458",2,0.16,211,506
typescript 실전 workshop,제네릭,"20,918",6,0.03,84,506
올인원 패키지 : 금융공학/퀀트_01.파이썬기본&자동화,FRED,"11,893",5,0.04,99,473
ㅍAOP 전체_중복키워드_마케팅(삭제),컨텐츠기획,"1,071",2,0.22,193,462
올인원 패키지 : 업무자동화_3. 엑셀,엑셀보고서,"2,016",2,0.12,193,462
올인원 패키지 : 그로스해킹_2.그로스해킹,LTV,"17,887",2,0.01,188,451
데이터 사이언스 전체,클라우드,"67,152",2,0.00,183,440
올인원 패키지 : 브랜딩,브랜드슬로건,"2,123",1,0.06,358,429
1. 전체,포토샵누끼,"2,606",1,0.05,358,429
typescript 실전 workshop,VUE.JS,"2,843",1,0.04,358,429
001.BASIC DESIGN,어도비포토샵,"9,564",1,0.01,358,429
올인원 패키지 : 그로스해킹_1.용어,LAC,"4,138",2,0.06,179,429
8. 시스템 프로그래밍,리눅스명령어,"11,404",1,0.01,348,418
올인원 패키지 : 업무자동화_3. 엑셀,엑셀조건부서식,"27,466",1,0.00,348,418
올인원 패키지 : 업무자동화_3. 엑셀,VLOOKUP,"40,198",4,0.01,116,418
모바일 앱 GUI 포트폴리오 디자인 LAB,패션어플,"1,851",1,0.06,339,407
AOP 전체_중복키워드_디자인,인디자인단축키,"2,223",1,0.05,339,407
파이썬을 통한 금융 데이터 수집과 분석 자동화 16기,금융스터디,"25,996",6,0.02,66,396
파이썬을 통한 금융 데이터 수집과 분석 자동화 16기,OBV,"5,119",1,0.02,321,385
올인원 패키지 : 업무자동화_2. 파이썬,텔레그램봇,"2,361",6,0.25,64,385
iOS 개발 스쿨 9기_기존 키워드,IOS,"32,299",6,0.02,64,385
올인원 패키지 : 금융공학/퀀_03.금융공학,역행렬,"52,085",6,0.01,64,385
리눅스 인프라,UBUNTU,"5,309",1,0.02,312,374
Vue로 구현하는 PWA CAMP,PWA,"1,823",4,0.20,104,374
AOP 전체_중복키워드_디자인,포토샵2018,"1,761",1,0.07,303,363
AOP 전체_중복키워드_디자인,포토샵무료다운,"2,336",5,0.21,76,363
data_camp_pcda_3,파이썬리스트,"3,555",5,0.14,76,363
2. C언어 일반,C++책,"1,042",1,0.12,293,352
페이스북&인스타그램 마케팅 실전,페이스북추천,"1,488",1,0.08,293,352
리눅스 인프라,SWIFT,"7,386",1,0.02,293,352
올인원 패키지 : 업무자동화_3. 엑셀,MATCH함수,"9,104",2,0.03,147,352
크리에이티브 전체,서체,"3,980",4,0.09,98,352
data_camp_rmp_8,TREE,"27,032",5,0.02,73,352
1. 앱웹서비스기획_일반,서비스기획,"3,398",1,0.04,284,341
#000_마케팅 전체_main,블로그수익,"4,842",1,0.02,284,341
마케팅 전체,마케팅서적,"3,066",1,0.04,275,330
002.UX/UI,ZEPLIN,"2,649",2,0.09,138,330
005.머신러닝,TENSORFLOW설치,"1,089",1,0.11,266,319
프로그래밍 전체,자바,"10,006",1,0.01,266,319
크리에이티브 전체,포토샵책,"1,839",1,0.07,257,308
마케팅 전체,마케팅책,"3,766",1,0.03,257,308
ㅍAOP 전체_중복키워드_디자인(삭제),포토샵7.0,"5,428",1,0.02,257,308
올인원 패키지 : 업무자동화_3. 엑셀,셀서식,"31,785",4,0.01,86,308
건강한 조직을 만드는 HR 전략 WORKSHOP,HR업무,"2,005",5,0.24,64,308
파이썬을 통한 금융 데이터 수집과 분석 자동화 16기,JUPYTER,"2,848",5,0.17,64,308
3. html,HTML소스,"3,179",1,0.04,248,297
올인원 패키지 : 금융공학/퀀트_01.파이썬기본&자동화,셀레니움,"3,846",1,0.03,248,297
8. 시스템 프로그래밍,쉘스크립트,"2,642",2,0.09,124,297
올인원 패키지 : 금융공학/퀀트_01.파이썬기본&자동화,파이썬아나콘다,"5,780",4,0.06,83,297
올인원 패키지 : 1인 쇼핑몰 시작하기_06.해외쇼핑몰,국내구매대행,"7,152",4,0.05,83,297
페이스북&인스타그램 마케팅 실전,인스타그램추천,"3,515",1,0.03,238,286
1. 일반_PC,클리커게임,"9,734",1,0.01,238,286
data_camp_rmp_8,PCA,"30,790",1,0.00,238,286
올인원 패키지 : 업무자동화_2. 파이썬,스케쥴링,"5,039",4,0.07,79,286
006.딥러닝,CHATBOT,"1,231",1,0.10,229,275
올인원 패키지 : 업무자동화_3. 엑셀,FIND,"65,887",4,0.01,76,275
컴퓨터공학으로 풀어낸 블록체인 코어 CAMP,이더리움전망,"1,188",1,0.10,220,264
6.  컴퓨터구조,컴퓨터개론,"6,108",4,0.06,73,264
올인원 패키지 : UX/UI 디자인 입문_연관검색어,VD,"15,786",4,0.02,73,264
마케팅 전체,SEO,"4,052",1,0.03,211,253
LaTeX를 활용한 효율적 논문작성 Workshop,MENDELEY,"2,047",4,0.18,70,253
data_camp_pcda_3,MATPLOTLIB,"3,061",4,0.12,67,242
AOP 전체_중복키워드_프로그래밍,파이썬엑셀,"1,472",1,0.08,193,231
007.빅데이터,KT클라우드,"3,565",1,0.03,193,231
마케팅 전체,PR,"10,734",1,0.01,193,231
7_How to 벤처캐피탈,벤처캐피탈리스트,"1,257",4,0.29,64,231
005.머신러닝,KAGGLE,"3,986",4,0.09,64,231
data_camp_rmp_8,P-VALUE,"4,566",4,0.08,64,231
3_기업가치평가 방법론,오버뷰,"5,088",4,0.07,64,231
올인원 패키지 : 금융공학/퀀트_01.파이썬기본&자동화,아나콘다설치,"5,806",4,0.06,64,231
005.머신러닝,SVM,"5,909",4,0.06,64,231
올인원 패키지 : 업무자동화_3. 엑셀,SUMIFS,"13,372",4,0.03,64,231
002.R,GIT,"19,056",4,0.02,64,231
typescript 실전 workshop,TYPESCRIPT,"1,945",1,0.06,183,220
AOP 전체_중복키워드_비지니스,엑셀통계,"3,636",1,0.03,183,220
올인원 패키지 : 금융공학/퀀_03.금융공학,KERAS,"2,331",2,0.10,92,220
파이썬을 통한 금융 데이터 수집과 분석 자동화 16기,CRON,"1,814",1,0.07,174,209
Python & Django를 활용한 웹 서비스_일반,RESTAPI,"2,060",1,0.06,174,209
7. 운영체제,COMPUTERSCIENCE,"3,550",1,0.03,174,209
파이낸스 전체,재무제표,"35,947",1,0.00,174,209
건강한 조직을 만드는 HR 전략 WORKSHOP,인사기획,"4,473",2,0.05,87,209
자율주행 연구를 위한 ROS·SLAM Workshop,ROS,"2,022",4,0.18,58,209
리눅스 인프라,VIRTUALBOX,"6,712",1,0.02,165,198
올인원 패키지 : 업무자동화_3. 엑셀,엑셀VLOOKUP,"23,027",1,0.01,165,198
올인원 패키지 : 업무자동화_3. 엑셀,고급필터,"7,636",2,0.03,83,198
올인원 패키지 : 업무자동화_3. 엑셀,피벗테이블,"56,546",2,0.00,83,198
005.머신러닝,MACHINELEARNING,"1,138",1,0.11,156,187
리눅스 인프라,MYSQL설치,"1,175",1,0.10,156,187
4. 웹의 동작,IPV6,"18,161",1,0.01,147,176
올인원 패키지 : 업무자동화_3. 엑셀,IF함수,"25,012",1,0.00,147,176
ㅍ1. 전체,스케치프로그램,"1,347",2,0.18,73,176
파이낸스 전체,스마트베타,"1,688",2,0.14,73,176
타이포그래피와 편집디자인,자막디자인,"1,838",2,0.13,73,176
올인원 패키지 : 업무자동화_3. 엑셀,피벗,"21,076",2,0.01,73,176
리눅스 인프라,인프라,"27,383",1,0.00,128,154
1. 전체,PROTOPIE,"1,006",2,0.24,64,154
data_camp_rmp_8,RMARKDOWN,"1,145",2,0.21,64,154
프론트엔드 개발 스쿨 12기_기존 키워드,OKJSP,"2,015",2,0.12,64,154
올인원 패키지 : 업무자동화_3. 엑셀,카운트함수,"2,196",2,0.11,64,154
002.R,GITHUB,"5,184",2,0.05,64,154
파이썬을 통한 금융 데이터 수집과 분석 자동화 16기,REQUESTS,"5,391",2,0.04,64,154
올인원 패키지 : 업무자동화_3. 엑셀,엑셀절대참조,"6,191",2,0.04,64,154
1. 전체,포토샵CC2018크랙,"8,031",2,0.03,64,154
올인원 패키지 : 업무자동화_3. 엑셀,COUNTIFS,"8,512",2,0.03,64,154
올인원 패키지 : 파이썬 웹 개발_4.Django,EC2,"12,166",2,0.02,64,154
올인원 패키지 : 업무자동화_3. 엑셀,COUNTIF,"22,932",2,0.01,64,154
올인원 패키지 : 금융공학/퀀트_01.파이썬기본&자동화,CSV,"44,947",2,0.01,64,154
올인원 패키지 : 업무자동화_3. 엑셀,엑셀필터,"46,694",2,0.01,64,154
올인원 패키지 : 업무자동화_3. 엑셀,엑셀자동필터,"3,392",1,0.04,119,143
ㅍAOP 전체_중복키워드_디자인(삭제),포토샵단축키,"8,973",1,0.01,119,143
올인원 패키지 : 리더를 위한 HR/인재경영_5.HR,인사팀,"10,520",1,0.01,119,143
프로그래밍 전체,자바스크립트스터디,"1,400",1,0.09,110,132
005.머신러닝,랜덤포레스트,"1,129",1,0.11,101,121
올인원 패키지 : 금융공학/퀀_03.금융공학,연속확률변수,"2,768",1,0.04,92,110
올인원 패키지 : 금융공학/퀀_03.금융공학,이산확률변수,"2,785",1,0.04,92,110
fin_camp_feasibilitystudy_18,IRP,"16,419",1,0.01,92,110
1. 전체,ADOBEXD,"1,215",1,0.10,83,99
데이터 사이언스 전체,빅데이터책,"1,607",1,0.07,83,99
002.UX/UI,프로토타이핑,"1,230",1,0.10,73,88
올인원 패키지 : 업무자동화_3. 엑셀,엑셀데이터베이스,"1,414",1,0.08,73,88
올인원 패키지 : 1인 쇼핑몰 시작하기_01.플랫폼,G마켓판매자센터,"2,583",1,0.05,73,88
파이낸스 전체,퀀트,"6,056",1,0.02,73,88
올인원 패키지 : 업무자동화_3. 엑셀,엑셀자동채우기,"10,041",1,0.01,73,88
올인원 패키지 : 금융공학/퀀_03.금융공학,변동성,"11,081",1,0.01,73,88
올인원 패키지 : 금융공학/퀀_03.금융공학,듀레이션,"11,909",1,0.01,73,88
올인원 패키지 : 금융공학/퀀_03.금융공학,HMM,"15,292",1,0.01,73,88
올인원 패키지 : 업무자동화_3. 엑셀,OFFSET,"59,217",1,0.00,73,88
개발자와 협업하는 디자이너를 위한 실무 역량 강화,FAVICON,"1,060",1,0.11,64,77
올인원 패키지 : 금융공학/퀀_03.금융공학,확률분포함수,"1,134",1,0.11,64,77
파이낸스 전체,투자서적,"1,151",1,0.10,64,77
005.머신러닝,BAGGING,"1,226",1,0.10,64,77
003.파이썬,아나콘다파이썬,"1,408",1,0.09,64,77
올인원 패키지 : 영상 제작/편집_4.포토샵,유튜브배경사진,"1,713",1,0.07,64,77
올인원 패키지 : 금융공학/퀀트_01.파이썬기본&자동화,판다스,"2,053",1,0.06,64,77
파이썬을 통한 금융 데이터 수집과 분석 자동화 16기,NUMPY,"2,455",1,0.05,64,77
마케팅 전체,마케팅배우기,"2,815",1,0.04,64,77
올인원 패키지 : 금융공학/퀀트_01.파이썬기본&자동화,PICKLE,"3,097",1,0.04,64,77
올인원 패키지 : 1인 쇼핑몰 시작하기_03.결제시스템,나이스결제대행,"3,141",1,0.04,64,77
올인원 패키지 : 업무자동화_3. 엑셀,엑셀참조,"3,467",1,0.03,64,77
올인원 패키지 : 금융공학/퀀_03.금융공학,결합확률분포,"3,554",1,0.03,64,77
올인원 패키지 : 리더를 위한 HR/인재경영_1.인재,회사분위기,"3,599",1,0.03,64,77
6.  컴퓨터구조,기계어,"3,768",1,0.03,64,77
올인원 패키지 : 업무자동화_3. 엑셀,엑셀회귀분석,"4,496",1,0.03,64,77
data_camp_rmp_8,LINEARREGRESSION,"4,546",1,0.03,64,77
6.  컴퓨터구조,캐시메모리,"4,691",1,0.03,64,77
006.딥러닝,딥마인드,"5,715",1,0.02,64,77
올인원 패키지 : 업무자동화_3. 엑셀,외부참조,"6,048",1,0.02,64,77
올인원 패키지 : 금융공학/퀀_03.금융공학,선형회귀,"6,078",1,0.02,64,77
올인원 패키지 : 업무자동화_3. 엑셀,엑셀피벗,"6,311",1,0.02,64,77
005.머신러닝,로지스틱,"6,645",1,0.02,64,77
올인원 패키지 : 업무자동화_3. 엑셀,엑셀INDIRECT,"6,767",1,0.02,64,77
올인원 패키지 : 업무자동화_3. 엑셀,엑셀카운트,"6,804",1,0.02,64,77
올인원 패키지 : 금융공학/퀀_03.금융공학,중심극한정리,"7,100",1,0.02,64,77
7. 운영체제,파일시스템,"7,129",1,0.02,64,77
리눅스 인프라,KERNEL,"7,546",1,0.02,64,77
올인원 패키지 : 업무자동화_3. 엑셀,INDEXMATCH,"7,678",1,0.02,64,77
올인원 패키지 : 그로스해킹_1.용어,객단가,"7,716",1,0.02,64,77
올인원 패키지 : 금융공학/퀀_02.R활용금융데이터분석,제어문,"9,578",1,0.01,64,77
4. 웹의 동작,IPV4,"9,811",1,0.01,64,77
올인원 패키지 : 업무자동화_3. 엑셀,엑셀빼기,"10,572",1,0.01,64,77
올인원 패키지 : 금융공학/퀀_03.금융공학,확률밀도함수,"11,530",1,0.01,64,77
올인원 패키지 : 업무자동화_3. 엑셀,엑셀행열바꾸기,"12,350",1,0.01,64,77
올인원 패키지 : 업무자동화_3. 엑셀,INDIRECT,"13,910",1,0.01,64,77
올인원 패키지 : 업무자동화_3. 엑셀,COUNTIF함수,"14,653",1,0.01,64,77
리눅스 인프라,커널,"17,843",1,0.01,64,77
올인원 패키지 : 금융공학/퀀트_01.파이썬기본&자동화,SQLITE,"19,367",1,0.01,64,77
올인원 패키지 : 업무자동화_3. 엑셀,엑셀합계,"20,733",1,0.01,64,77
파이썬을 통한 금융 데이터 수집과 분석 자동화 16기,BEAUTIFULSOUP,"1,125",1,0.11,55,66
웹 프로그래밍 스쿨 10기_기존 키워드,DJANGO,"1,848",1,0.06,55,66
프로그래밍 전체,AR책,"1,001",0,0.00,0,0
005.머신러닝,기계학습,"1,008",0,0.00,0,0
SEO/SEM 전략,검색광고,"1,009",0,0.00,0,0
AOP 전체_중복키워드_디자인,인디자인기초,"1,017",0,0.00,0,0
3. html,HTML기본,"1,018",0,0.00,0,0
JavaScript BOOT CAMP,자바스크립트오류,"1,021",0,0.00,0,0
타이포그래피와 편집디자인,책만들기,"1,025",0,0.00,0,0
007.빅데이터,비정형데이터,"1,029",0,0.00,0,0
올인원 패키지 : 업무자동화_2. 파이썬,파이썬클래스,"1,029",0,0.00,0,0
#000_마케팅 전체_main,페북광고,"1,031",0,0.00,0,0
1. 코딩,코딩시험,"1,040",0,0.00,0,0
머신러닝을 위한 선형대수학,라플라스변환,"1,041",0,0.00,0,0
007.빅데이터,스토리지,"1,055",0,0.00,0,0
데이터 사이언스 전체,데이터분석가,"1,075",0,0.00,0,0
3. html,HTMLFORM,"1,075",0,0.00,0,0
2. C언어 일반,C++CLASS,"1,080",0,0.00,0,0
올인원 패키지 : 그로스해킹_5.마케팅 분석,매출분석,"1,084",0,0.00,0,0
Python & Django를 활용한 웹 서비스_일반,IAAS,"1,085",0,0.00,0,0
타이포그래피와 편집디자인,페인터,"1,092",0,0.00,0,0
프로그래밍 전체,CSS,"1,092",0,0.00,0,0
올인원 패키지 : 금융공학/퀀_03.금융공학,ROC곡선,"1,092",0,0.00,0,0
AOP 전체_중복키워드_디자인,인디자인클리핑마스크,"1,095",0,0.00,0,0
ㅍAOP 전체_중복키워드_디자인(삭제),포토샵7.0한글판,"1,104",0,0.00,0,0
올인원 패키지 : 금융공학/퀀_03.금융공학,벡터연산,"1,104",0,0.00,0,0
1. 경영 일반,경영이론,"1,107",0,0.00,0,0
ㅍ1. 전체,영상에자막넣기,"1,108",0,0.00,0,0
8. 시스템 프로그래밍,리눅스서버,"1,109",0,0.00,0,0
8. 시스템 프로그래밍,리눅스운영체제,"1,110",0,0.00,0,0
올인원 패키지 : 금융공학/퀀_03.금융공학,내재변동성,"1,114",0,0.00,0,0
올인원 패키지 : 영상 제작/편집_4.포토샵,유튜브배경,"1,115",0,0.00,0,0
OpenCV와 함께하는 컴퓨터 비전 프로그래밍,VISUALC++,"1,121",0,0.00,0,0
Python & Django를 활용한 웹 서비스_일반,ANNOTATE,"1,121",0,0.00,0,0
007.빅데이터,DATAWAREHOUSE,"1,122",0,0.00,0,0
올인원 패키지 : 업무자동화_2. 파이썬,파이썬함수,"1,123",0,0.00,0,0
마케팅 전체,SEM,"1,124",0,0.00,0,0
#000_마케팅 전체_main,SNS이벤트,"1,131",0,0.00,0,0
fin_camp_modeling_15,의사결정,"1,137",0,0.00,0,0
AOP 전체_중복키워드_비지니스,엑셀데이터분석,"1,138",0,0.00,0,0
3. 파이썬,파이썬연산자,"1,140",0,0.00,0,0
올인원 패키지 : 금융공학/퀀트_01.파이썬기본&자동화,파이썬PANDAS,"1,145",0,0.00,0,0
리눅스 인프라,REDHAT,"1,148",0,0.00,0,0
머신러닝을 위한 선형대수학,정규분포,"1,149",0,0.00,0,0
6_스타트업 M&A에 대한 단상(스타트업),스타트업면접,"1,158",0,0.00,0,0
올인원 패키지 : 업무자동화_2. 파이썬,파이썬딕셔너리,"1,159",0,0.00,0,0
002.R,R코드,"1,164",0,0.00,0,0
프로그래밍 전체,안드로이드스터디,"1,166",0,0.00,0,0
ㅍAOP 전체_중복키워드_디자인(삭제),포토샵PNG,"1,166",0,0.00,0,0
올인원 패키지 : 업무자동화_3. 엑셀,엑셀합,"1,167",0,0.00,0,0
리눅스 인프라,리눅스설치,"1,172",0,0.00,0,0
크리에이티브 전체,포토샵블로그,"1,176",0,0.00,0,0
크리에이티브 전체,디자인책,"1,177",0,0.00,0,0
8. 시스템 프로그래밍,시스템콜,"1,177",0,0.00,0,0
올인원 패키지 : 업무자동화_2. 파이썬,파이썬반복문,"1,178",0,0.00,0,0
data_camp_rmp_8,REGRESSIONANALYSIS,"1,179",0,0.00,0,0
3. html,HTML프로그램,"1,185",0,0.00,0,0
typescript 실전 workshop,리팩토링,"1,188",0,0.00,0,0
딥러닝으로 배우는 병렬처리 CAMP_구버전,AVX,"1,193",0,0.00,0,0
마케터를 위한 데이터 부트캠프,마케팅분석,"1,195",0,0.00,0,0
007.빅데이터,글랜스,"1,196",0,0.00,0,0
AOP 전체_중복키워드_프로그래밍,파이썬함수,"1,198",0,0.00,0,0
딥러닝으로 배우는 병렬처리 CAMP_구버전,TITANX,"1,200",0,0.00,0,0
ㅍAOP 전체_중복키워드_디자인(삭제),포토샵누끼따기,"1,206",0,0.00,0,0
6. 파이썬,파이썬스터디,"1,207",0,0.00,0,0
올인원 패키지 : 그로스해킹_5.마케팅 분석,구매전환율,"1,212",0,0.00,0,0
딥러닝으로 배우는 병렬처리 CAMP_구버전,SSE,"1,214",0,0.00,0,0
프로그래밍 유치원,삼성SCSA,"1,225",0,0.00,0,0
8. 시스템 프로그래밍,POSIX,"1,226",0,0.00,0,0
Vue로 구현하는 PWA CAMP,GRUNT,"1,230",0,0.00,0,0
007.빅데이터,대용량클라우드,"1,231",0,0.00,0,0
ㅍAOP 전체_중복키워드_디자인(삭제),포토샵무료다운,"1,239",0,0.00,0,0
올인원 패키지 : 업무자동화_3. 엑셀,엑셀HLOOKUP,"1,248",0,0.00,0,0
005.머신러닝,데이터전처리,"1,250",0,0.00,0,0
올인원 패키지 : 리더를 위한 HR/인재경영_3.온보딩,온보딩,"1,262",0,0.00,0,0
머신러닝을 위한 선형대수학,다항식,"1,266",0,0.00,0,0
#000_마케팅 전체_main,모바일광고,"1,278",0,0.00,0,0
7. 운영체제,VIRTUALMACHINE,"1,286",0,0.00,0,0
ㅍAOP 전체_중복키워드_디자인(삭제),인디자인페이지번호,"1,291",0,0.00,0,0
구글 광고,모바일배너광고,"1,293",0,0.00,0,0
비즈니스 전체,엑셀독학,"1,296",0,0.00,0,0
올인원 패키지 : 리더를 위한 HR/인재경영_3.온보딩,채용기준,"1,296",0,0.00,0,0
Python & Django를 활용한 웹 서비스_일반,LOGGING,"1,315",0,0.00,0,0
Python & Django를 활용한 웹 서비스_개발자,PHP개발,"1,320",0,0.00,0,0
1. 전체,마블추천,"1,320",0,0.00,0,0
6_스타트업 M&A에 대한 단상(스타트업),스타트업연봉,"1,328",0,0.00,0,0
마케팅 전체,광고책,"1,330",0,0.00,0,0
007.빅데이터,클라우드서비스,"1,337",0,0.00,0,0
8. 시스템 프로그래밍,리눅스책,"1,339",0,0.00,0,0
올인원 패키지 : 금융공학/퀀트_01.파이썬기본&자동화,아나콘다파이썬,"1,340",0,0.00,0,0
올인원 패키지 : 금융공학/퀀_03.금융공학,점추정,"1,345",0,0.00,0,0
리눅스 인프라,뉴트론,"1,368",0,0.00,0,0
#000_마케팅 전체_main,카카오광고,"1,373",0,0.00,0,0
딥러닝으로 배우는 병렬처리 CAMP_구버전,TITANXP,"1,373",0,0.00,0,0
올인원 패키지 : 디지털 마케팅_인스타광고,인스타그램픽셀,"1,377",0,0.00,0,0
올인원 패키지 : 금융공학/퀀_02.R활용금융데이터분석,R패키지,"1,382",0,0.00,0,0
ㅍAOP 전체_중복키워드_비지니스(삭제),엑셀기초,"1,385",0,0.00,0,0
모바일 앱 GUI 포트폴리오 디자인 LAB,병원어플,"1,386",0,0.00,0,0
data_camp_pcda_3,파이썬에디터,"1,388",0,0.00,0,0
올인원 패키지 : 파이썬 웹 개발_2.프론트엔드기초,부트스트랩,"1,393",0,0.00,0,0
AOP 전체_중복키워드_프로그래밍,웹크롤링,"1,421",0,0.00,0,0
006.딥러닝,딥페이스,"1,423",0,0.00,0,0
001.BASIC DESIGN,어도비일러스트,"1,426",0,0.00,0,0
건강한 조직을 만드는 HR 전략 WORKSHOP,인사전략,"1,436",0,0.00,0,0
서비스 기획 스쿨 5기_구글 연관검색어,웹사이트기획,"1,436",0,0.00,0,0
올인원 패키지 : UX/UI 디자인 입문_연관검색어,GUI,"1,437",0,0.00,0,0
파이낸스 전체,기업가치,"1,461",0,0.00,0,0
1. 전체,포토샵기능,"1,469",0,0.00,0,0
올인원 패키지 : 파이썬 웹 개발_4.Django,DOCKER,"1,476",0,0.00,0,0
올인원 패키지 : 영상 제작/편집_2.영상제작이론,영상프레임,"1,491",0,0.00,0,0
007.빅데이터,크로센트,"1,492",0,0.00,0,0
#000_마케팅 전체_main,CPS,"1,503",0,0.00,0,0
1_벤처캐피탈에 대한 이해(벤처캐피탈),공모펀드,"1,508",0,0.00,0,0
5. 자료구조,후위표기법,"1,516",0,0.00,0,0
1_벤처캐피탈에 대한 이해(벤처캐피탈),벨류에이션,"1,518",0,0.00,0,0
올인원 패키지 : 업무자동화_3. 엑셀,엑셀테이블,"1,525",0,0.00,0,0
리눅스 인프라,KEYSTONE,"1,527",0,0.00,0,0
올인원 패키지 : 업무자동화_1. 자동화,인스타그램해시태그검색,"1,551",0,0.00,0,0
타이포그래피와 편집디자인,한글폰트제작,"1,554",0,0.00,0,0
1. 전체,GUI,"1,561",0,0.00,0,0
올인원 패키지 : 업무자동화_3. 엑셀,CONCAT,"1,572",0,0.00,0,0
#000_마케팅 전체_main,CPC,"1,594",0,0.00,0,0
올인원 패키지 : 업무자동화_3. 엑셀,카운트이프,"1,601",0,0.00,0,0
올인원 패키지 : 파이썬 웹 개발_2.프론트엔드기초,GITHUB,"1,601",0,0.00,0,0
005.머신러닝,텐서플로우설치,"1,602",0,0.00,0,0
프로그래밍 전체,자바책,"1,604",0,0.00,0,0
올인원 패키지 : 금융공학/퀀_02.R활용금융데이터분석,R기초,"1,606",0,0.00,0,0
#000_마케팅 전체_main,마케팅전략,"1,617",0,0.00,0,0
003.파이썬,파이썬책,"1,635",0,0.00,0,0
6. 파이썬,파이썬예제,"1,656",0,0.00,0,0
올인원 패키지 : 업무자동화_3. 엑셀,RANDBETWEEN,"1,671",0,0.00,0,0
ㅍAOP 전체_중복키워드_디자인(삭제),포토샵도형,"1,691",0,0.00,0,0
올인원 패키지 : 금융공학/퀀트_01.파이썬기본&자동화,NUMPY,"1,705",0,0.00,0,0
data_camp_rmp_8,골프존GLM,"1,713",0,0.00,0,0
올인원 패키지 : 업무자동화_2. 파이썬,파이썬GUI,"1,750",0,0.00,0,0
올인원 패키지 : 영상 제작/편집_8.파이널컷 프로,유튜브인트로만들기,"1,757",0,0.00,0,0
올인원 패키지 : 영상 제작/편집_6.프리미어프로,프리미어영상,"1,768",0,0.00,0,0
1. 전체,마블책,"1,772",0,0.00,0,0
다함께 DDD 프로젝트,JPA,"1,776",0,0.00,0,0
#000_마케팅 전체_main,인터넷마케팅,"1,780",0,0.00,0,0
#000_마케팅 전체_main,인스타그램홍보,"1,783",0,0.00,0,0
올인원 패키지 : 콘텐츠 마케팅_대표키워드,컨텐츠디자인,"1,794",0,0.00,0,0
007.빅데이터,레드햇,"1,802",0,0.00,0,0
Python & Django를 활용한 웹 서비스_일반,미들웨어,"1,807",0,0.00,0,0
올인원 패키지 : 금융공학/퀀트_01.파이썬기본&자동화,파이썬NUMPY,"1,816",0,0.00,0,0
fin_camp_modeling_15,DCF,"1,817",0,0.00,0,0
AOP 전체_중복키워드_디자인,인디자인PDF,"1,824",0,0.00,0,0
AOP 전체_중복키워드_디자인,포토샵1급,"1,827",0,0.00,0,0
올인원 패키지 : 업무자동화_2. 파이썬,파이썬WHILE,"1,832",0,0.00,0,0
올인원 패키지 : 그로스해킹_2.그로스해킹,CLV,"1,841",0,0.00,0,0
fin_camp_feasibilitystudy_18,수요예측,"1,857",0,0.00,0,0
올인원 패키지 : 업무자동화_3. 엑셀,엑셀범위,"1,878",0,0.00,0,0
ㅍAOP 전체_중복키워드_디자인(삭제),포토샵마스크,"1,884",0,0.00,0,0
1. 모바일앱개발_세부,코틀린,"1,889",0,0.00,0,0
올인원 패키지 : 디지털 마케팅_1. 디지털 마케팅,소셜마케팅,"1,891",0,0.00,0,0
1. 전체,포토샵기본,"1,891",0,0.00,0,0
다함께 DDD 프로젝트,스프링부트,"1,913",0,0.00,0,0
올인원 패키지 : 콘텐츠 마케팅_대표키워드,브랜드자산,"1,918",0,0.00,0,0
올인원 패키지 : 콘텐츠 마케팅_대표키워드,콘텐츠마케터,"1,919",0,0.00,0,0
fin_camp_rfs_9,상권분석,"1,928",0,0.00,0,0
올인원 패키지 : 업무자동화_3. 엑셀,엑셀RIGHT,"1,958",0,0.00,0,0
올인원 패키지 : 영상 제작/편집_4.포토샵,유튜브아이콘,"1,961",0,0.00,0,0
7. 운영체제,멀티쓰레드,"1,969",0,0.00,0,0
올인원 패키지 : 업무자동화_3. 엑셀,절대참조,"1,981",0,0.00,0,0
Hyperledger Fabric 프로젝트 CAMP,HFC,"1,990",0,0.00,0,0
3_기업가치평가 방법론,재무학,"1,991",0,0.00,0,0
006.딥러닝,RBM,"1,993",0,0.00,0,0
리눅스 인프라,신더,"2,006",0,0.00,0,0
Python & Django를 활용한 웹 서비스_일반,PYCHARM,"2,013",0,0.00,0,0
1. 경영 일반,경영학책,"2,047",0,0.00,0,0
올인원 패키지 : 업무자동화_3. 엑셀,엑셀스파크라인,"2,055",0,0.00,0,0
올인원 패키지 : 금융공학/퀀_02.R활용금융데이터분석,백테스팅,"2,073",0,0.00,0,0
3_기업가치평가 방법론,기업가치평가,"2,076",0,0.00,0,0
8. 시스템 프로그래밍,리눅스커널,"2,119",0,0.00,0,0
ㅍ1. 전체,포토샵책,"2,127",0,0.00,0,0
fin_camp_business_4,손익계산서,"2,136",0,0.00,0,0
AOP 전체_중복키워드_디자인,일러스트레이터자격증,"2,140",0,0.00,0,0
OpenCV와 함께하는 컴퓨터 비전 프로그래밍,C++,"2,167",0,0.00,0,0
올인원 패키지 : 업무자동화_3. 엑셀,RAND함수,"2,180",0,0.00,0,0
typescript 실전 workshop,JAVASCRIPT,"2,200",0,0.00,0,0
올인원 패키지 : 업무자동화_3. 엑셀,엑셀COUNTIFS,"2,208",0,0.00,0,0
실전 웹/앱 프로젝트 기획,RFP,"2,217",0,0.00,0,0
올인원 패키지 : 금융공학/퀀트_01.파이썬기본&자동화,SW코딩,"2,218",0,0.00,0,0
6.  컴퓨터구조,컴퓨터구성,"2,225",0,0.00,0,0
실전 웹/앱 프로젝트 기획,웹디자인,"2,259",0,0.00,0,0
실전 웹/앱 프로젝트 기획,웹사이트기획,"2,289",0,0.00,0,0
올인원 패키지 : 리더를 위한 HR/인재경영_2.리더십,리더의역할,"2,291",0,0.00,0,0
크리에이티브 전체,앱디자인,"2,300",0,0.00,0,0
ㅍAOP 전체_중복키워드_디자인(삭제),일러스트레이터CS6,"2,300",0,0.00,0,0
2_투자유치를 위한 사업계획서 작성(투자유치),수익모델,"2,313",0,0.00,0,0
올인원 패키지 : 영상 제작/편집_4.포토샵,유튜브사진,"2,320",0,0.00,0,0
002.UX/UI,WIREFRAME,"2,352",0,0.00,0,0
리눅스 인프라,키스톤,"2,375",0,0.00,0,0
올인원 패키지 : 업무자동화_3. 엑셀,엑셀중복,"2,408",0,0.00,0,0
typescript 실전 workshop,클린코드,"2,412",0,0.00,0,0
올인원 패키지 : 업무자동화_2. 파이썬,CRON,"2,422",0,0.00,0,0
올인원 패키지 : 업무자동화_4. VBA,DOWHILE,"2,476",0,0.00,0,0
#000_마케팅 전체_main,인터넷광고,"2,483",0,0.00,0,0
AOP 전체_중복키워드_디자인,포토샵PNG,"2,507",0,0.00,0,0
3_기업가치평가 방법론,기업가치,"2,520",0,0.00,0,0
#000_마케팅 전체_main,배너광고,"2,551",0,0.00,0,0
포토샵 유치원_일러스트레이터 유치원,드로잉기초,"2,563",0,0.00,0,0
올인원 패키지 : 업무자동화_2. 파이썬,튜플,"2,569",0,0.00,0,0
올인원 패키지 : 리더를 위한 HR/인재경영_1.인재,핵심인재,"2,582",0,0.00,0,0
올인원 패키지 : 업무자동화_3. 엑셀,자동필터,"2,608",0,0.00,0,0
올인원 패키지 : 업무자동화_3. 엑셀,엑셀LEFT,"2,630",0,0.00,0,0
6.  컴퓨터구조,컴퓨터명령어,"2,655",0,0.00,0,0
6.  컴퓨터구조,피연산자,"2,666",0,0.00,0,0
올인원 패키지 : 금융공학/퀀트_01.파이썬기본&자동화,파일입출력,"2,721",0,0.00,0,0
002.UX/UI,비주얼싱킹,"2,725",0,0.00,0,0
올인원 패키지 : 업무자동화_3. 엑셀,유효성검사,"2,769",0,0.00,0,0
올인원 패키지 : 금융공학/퀀_03.금융공학,상관분석,"2,787",0,0.00,0,0
6_스타트업 M&A에 대한 단상(스타트업),스타트업투자,"2,837",0,0.00,0,0
딥러닝으로 배우는 병렬처리 CAMP_구버전,쿠다,"2,850",0,0.00,0,0
3. html,HTML코드,"2,859",0,0.00,0,0
1. 모바일앱개발_세부,안드로이드앱,"2,859",0,0.00,0,0
typescript 실전 workshop,VISUALSTUDIOCODE,"2,915",0,0.00,0,0
Vue로 구현하는 PWA CAMP,OSI,"2,968",0,0.00,0,0
#000_마케팅 전체_main,검색광고마케터,"2,979",0,0.00,0,0
리눅스 인프라,네트워크설정,"2,993",0,0.00,0,0
AOP 전체_중복키워드_디자인,인디자인페이지번호,"3,024",0,0.00,0,0
3. html,HTML동영상,"3,064",0,0.00,0,0
올인원 패키지 : 업무자동화_3. 엑셀,엑셀OFFSET,"3,094",0,0.00,0,0
007.빅데이터,SAAS,"3,133",0,0.00,0,0
리눅스 인프라,아이덴티티,"3,171",0,0.00,0,0
올인원 패키지 : 업무자동화_3. 엑셀,엑셀FIND,"3,200",0,0.00,0,0
올인원 패키지 : 1인 쇼핑몰 시작하기_03.결제시스템,나이스페이,"3,223",0,0.00,0,0
Python & Django를 활용한 웹 서비스_일반,SAAS,"3,266",0,0.00,0,0
파이낸스 전체,회계,"3,269",0,0.00,0,0
올인원 패키지 : 업무자동화_3. 엑셀,엑셀MATCH,"3,283",0,0.00,0,0
포토샵 유치원_일러스트레이터 유치원,커뮤니케이션디자인,"3,342",0,0.00,0,0
타이포그래피와 편집디자인,타이포그래피,"3,343",0,0.00,0,0
올인원 패키지 : 영상 제작/편집_2.영상제작이론,영상콘티,"3,347",0,0.00,0,0
올인원 패키지 : 금융공학/퀀트_01.파이썬기본&자동화,예외처리,"3,389",0,0.00,0,0
iOS 개발 스쿨 9기_기존 키워드,XCODE,"3,397",0,0.00,0,0
Python & Django를 활용한 웹 서비스_일반,애저,"3,428",0,0.00,0,0
AOP 전체_중복키워드_데이터사이언스,빅데이터분석,"3,481",0,0.00,0,0
ㅍAOP 전체_중복키워드_마케팅(삭제),GA,"3,486",0,0.00,0,0
3. 파이썬,파이참설치,"3,544",0,0.00,0,0
올인원 패키지 : 업무자동화_3. 엑셀,엑셀SUMIFS,"3,545",0,0.00,0,0
올인원 패키지 : 금융공학/퀀_03.금융공학,기술통계,"3,566",0,0.00,0,0
파이낸스 전체,부동산기초,"3,580",0,0.00,0,0
올인원 패키지 : 업무자동화_3. 엑셀,엑셀병합,"3,621",0,0.00,0,0
리눅스 인프라,DOCKER,"3,630",0,0.00,0,0
002.R,깃,"3,684",0,0.00,0,0
올인원 패키지 : 업무자동화_3. 엑셀,엑셀카운트이프,"3,704",0,0.00,0,0
007.빅데이터,HPE,"3,710",0,0.00,0,0
AOP 전체_중복키워드_디자인,포토샵도형,"3,728",0,0.00,0,0
파이낸스 전체,회계책,"3,742",0,0.00,0,0
올인원 패키지 : 업무자동화_1. 자동화,트위터자동,"3,779",0,0.00,0,0
올인원 패키지 : 업무자동화_3. 엑셀,엑셀MID,"3,901",0,0.00,0,0
SEO/SEM 전략,네이버검색광고,"3,958",0,0.00,0,0
머신러닝을 위한 선형대수학,벡터,"4,013",0,0.00,0,0
ㅍAOP 전체_중복키워드_디자인(삭제),그래픽디자이너,"4,179",0,0.00,0,0
프로그래밍 전체,게임블로그,"4,183",0,0.00,0,0
AOP 전체_중복키워드_디자인,포토샵마스크,"4,252",0,0.00,0,0
올인원 패키지 : 업무자동화_3. 엑셀,브이룩업,"4,277",0,0.00,0,0
007.빅데이터,VLAN,"4,331",0,0.00,0,0
올인원 패키지 : 업무자동화_3. 엑셀,OFFSET함수,"4,334",0,0.00,0,0
AOP 전체_중복키워드_디자인,포토샵누끼따기,"4,397",0,0.00,0,0
AOP 전체_중복키워드_마케팅,브랜드전략,"4,398",0,0.00,0,0
007.빅데이터,AZURE,"4,405",0,0.00,0,0
올인원 패키지 : 금융공학/퀀_03.금융공학,분산분석,"4,555",0,0.00,0,0
1. 경영 일반,경영책,"4,602",0,0.00,0,0
typescript 실전 workshop,자바스크립트,"4,625",0,0.00,0,0
포토샵 유치원_일러스트레이터 유치원,시각디자인,"4,703",0,0.00,0,0
올인원 패키지 : 업무자동화_3. 엑셀,엑셀다중조건,"4,774",0,0.00,0,0
001.BASIC DESIGN,어도비포토샵CS6,"4,844",0,0.00,0,0
올인원 패키지 : 업무자동화_3. 엑셀,엑셀INDEX,"4,877",0,0.00,0,0
올인원 패키지 : 금융공학/퀀_03.금융공학,가설검정,"4,893",0,0.00,0,0
8. 시스템 프로그래밍,우분투리눅스,"4,924",0,0.00,0,0
007.빅데이터,애저,"4,925",0,0.00,0,0
올인원 패키지 : 업무자동화_3. 엑셀,엑셀원형그래프,"5,055",0,0.00,0,0
4_벤처캐피탈 투자계약(벤처 투자),투자계약,"5,232",0,0.00,0,0
올인원 패키지 : 업무자동화_1. 자동화,인스타그램자동,"5,237",0,0.00,0,0
올인원 패키지 : 업무자동화_3. 엑셀,RAND,"5,331",0,0.00,0,0
올인원 패키지 : 업무자동화_3. 엑셀,엑셀표시형식,"5,557",0,0.00,0,0
타이포그래피와 편집디자인,회사소개서,"5,592",0,0.00,0,0
Java 웹 프로그래밍 마스터 4기 : 3개월,자바,"5,758",0,0.00,0,0
ㅍAOP 전체_중복키워드_데이터사이언스(삭제),빅데이터분석,"5,814",0,0.00,0,0
ㅍ1. 전체,GUI,"5,839",0,0.00,0,0
올인원 패키지 : 리더를 위한 HR/인재경영_1.인재,노동생산성,"5,869",0,0.00,0,0
ㅍ1. 전체,포토샵CC2018크랙,"5,871",0,0.00,0,0
올인원 패키지 : 업무자동화_2. 파이썬,IFRAME,"6,061",0,0.00,0,0
파이낸스 전체,가치투자,"6,106",0,0.00,0,0
1. 일반_MO,UNITY,"6,170",0,0.00,0,0
비즈니스 전체,엑셀책,"6,333",0,0.00,0,0
ㅍAOP 전체_중복키워드_디자인(삭제),포토샵CS5,"6,336",0,0.00,0,0
올인원 패키지 : 업무자동화_3. 엑셀,엑셀SUM,"6,431",0,0.00,0,0
개발자와 협업하는 디자이너를 위한 실무 역량 강화,플로우차트,"6,619",0,0.00,0,0
올인원 패키지 : 업무자동화_3. 엑셀,엑셀유효성검사,"6,755",0,0.00,0,0
올인원 패키지 : 업무자동화_3. 엑셀,HLOOKUP,"6,871",0,0.00,0,0
typescript 실전 workshop,ANGULAR,"7,049",0,0.00,0,0
올인원 패키지 : 업무자동화_3. 엑셀,엑셀COUNTIF,"7,393",0,0.00,0,0
올인원 패키지 : 업무자동화_3. 엑셀,엑셀카운트함수,"7,393",0,0.00,0,0
올인원 패키지 : 업무자동화_3. 엑셀,엑셀기본,"7,647",0,0.00,0,0
올인원 패키지 : 업무자동화_3. 엑셀,엑셀변환,"7,732",0,0.00,0,0
올인원 패키지 : 업무자동화_3. 엑셀,엑셀브이룩업,"7,756",0,0.00,0,0
올인원 패키지 : 업무자동화_3. 엑셀,엑셀SUMIF,"7,814",0,0.00,0,0
AOP 전체_중복키워드_마케팅,마케팅분석,"7,967",0,0.00,0,0
올인원 패키지 : 업무자동화_3. 엑셀,엑셀IFERROR,"8,214",0,0.00,0,0
올인원 패키지 : 그로스해킹_5.마케팅 분석,키워드분석,"8,693",0,0.00,0,0
올인원 패키지 : 금융공학/퀀트_01.파이썬기본&자동화,CDMA,"8,784",0,0.00,0,0
올인원 패키지 : 업무자동화_3. 엑셀,엑셀고급필터,"8,792",0,0.00,0,0
올인원 패키지 : 업무자동화_3. 엑셀,IFERROR함수,"8,864",0,0.00,0,0
typescript 실전 workshop,생활코딩,"8,952",0,0.00,0,0
올인원 패키지 : 그로스해킹_5.마케팅 분석,사이트순위,"9,282",0,0.00,0,0
6.  컴퓨터구조,어셈블리어,"9,622",0,0.00,0,0
올인원 패키지 : 업무자동화_3. 엑셀,INDEX함수,"9,715",0,0.00,0,0
올인원 패키지 : 업무자동화_1. 자동화,IFRAME,"10,121",0,0.00,0,0
리눅스 인프라,SDN,"10,405",0,0.00,0,0
올인원 패키지 : 업무자동화_3. 엑셀,엑셀INDEXMATCH,"10,486",0,0.00,0,0
올인원 패키지 : 금융공학/퀀트_01.파이썬기본&자동화,XLSX,"10,574",0,0.00,0,0
리눅스 인프라,HORIZON,"10,620",0,0.00,0,0
Python & Django를 활용한 웹 서비스_일반,AZURE,"12,898",0,0.00,0,0
올인원 패키지 : 업무자동화_3. 엑셀,엑셀IF,"15,893",0,0.00,0,0
7. 운영체제,가상머신,"16,605",0,0.00,0,0
파이낸스 전체,부동산책,"16,722",0,0.00,0,0
ㅍ올인원 패키지 : UX/UI 디자인 입문_연관검색어(삭제),VD,"17,504",0,0.00,0,0
AOP 전체_중복키워드_디자인,포토샵단축키,"18,818",0,0.00,0,0
올인원 패키지 : 업무자동화_3. 엑셀,SUMIF,"23,549",0,0.00,0,0
올인원 패키지 : 업무자동화_3. 엑셀,엑셀셀서식,"24,016",0,0.00,0,0
올인원 패키지 : 업무자동화_3. 엑셀,MATCH,"32,287",0,0.00,0,0
마케팅KPI수립,LTV,"32,602",0,0.00,0,0
data_camp_rmp_8,DECISION,"60,844",0,0.00,0,0
4. 웹의 동작,REST,"61,193",0,0.00,0,0